,open,high,low,close,adjclose,volume,ticker
2018-06-20,6780.08984375,6810.93994140625,6715.169921875,6729.740234375,6729.740234375,3529129984.0,BTC-USD
2018-06-21,6737.8798828125,6747.080078125,6006.60009765625,6083.68994140625,6083.68994140625,5079810048.0,BTC-USD
2018-06-22,6090.10009765625,6224.81982421875,6071.81005859375,6162.47998046875,6162.47998046875,3431360000.0,BTC-USD
2018-06-23,6164.27978515625,6223.77978515625,5826.41015625,6173.22998046875,6173.22998046875,4566909952.0,BTC-USD
2018-06-24,6171.97021484375,6327.3701171875,6119.68017578125,6249.18017578125,6249.18017578125,5500810240.0,BTC-USD
2018-06-25,6253.5498046875,6290.16015625,6093.669921875,6093.669921875,6093.669921875,3279759872.0,BTC-USD
2018-06-26,6084.39990234375,6180.0,6052.85009765625,6157.1298828125,6157.1298828125,3296219904.0,BTC-USD
2018-06-27,6153.16015625,6170.41015625,5873.0498046875,5903.43994140625,5903.43994140625,3467800064.0,BTC-USD
2018-06-28,5898.1298828125,6261.66015625,5835.75,6218.2998046875,6218.2998046875,3966230016.0,BTC-USD
2018-06-29,6214.22021484375,6465.509765625,6214.22021484375,6404.0,6404.0,4543860224.0,BTC-USD
2018-06-30,6411.68017578125,6432.85009765625,6289.2900390625,6385.81982421875,6385.81982421875,4788259840.0,BTC-USD
2018-07-01,6380.3798828125,6683.85986328125,6305.7001953125,6614.18017578125,6614.18017578125,4396930048.0,BTC-USD
2018-07-02,6596.66015625,6671.3701171875,6447.75,6529.58984375,6529.58984375,4672309760.0,BTC-USD
2018-07-03,6550.8701171875,6771.919921875,6450.4599609375,6597.5498046875,6597.5498046875,4176689920.0,BTC-USD
2018-07-04,6599.7099609375,6749.5400390625,6546.64990234375,6639.14013671875,6639.14013671875,4999240192.0,BTC-USD
2018-07-05,6638.68994140625,6700.93994140625,6533.5498046875,6673.5,6673.5,4313959936.0,BTC-USD
2018-07-06,6668.7099609375,6863.990234375,6579.240234375,6856.93017578125,6856.93017578125,3961080064.0,BTC-USD
2018-07-07,6857.7998046875,6885.91015625,6747.97998046875,6773.8798828125,6773.8798828125,3386210048.0,BTC-USD
2018-07-08,6775.080078125,6838.68017578125,6724.33984375,6741.75,6741.75,3718129920.0,BTC-USD
2018-07-09,6739.2099609375,6767.740234375,6320.72021484375,6329.9501953125,6329.9501953125,4052430080.0,BTC-USD
2018-07-10,6330.77001953125,6444.9599609375,6330.47021484375,6394.7099609375,6394.7099609375,3644859904.0,BTC-USD
2018-07-11,6396.77978515625,6397.10009765625,6136.419921875,6228.81005859375,6228.81005859375,3770170112.0,BTC-USD
2018-07-12,6235.02978515625,6310.5498046875,6192.240234375,6238.0498046875,6238.0498046875,3805400064.0,BTC-USD
2018-07-13,6247.5,6298.18994140625,6212.22021484375,6276.1201171875,6276.1201171875,2923670016.0,BTC-USD
2018-07-14,6272.7001953125,6403.4599609375,6256.509765625,6359.64013671875,6359.64013671875,3285459968.0,BTC-USD
2018-07-15,6357.009765625,6741.75,6357.009765625,6741.75,6741.75,4725799936.0,BTC-USD
2018-07-16,6739.64990234375,7387.240234375,6684.169921875,7321.0400390625,7321.0400390625,5961950208.0,BTC-USD
2018-07-17,7315.31982421875,7534.990234375,7280.47021484375,7370.77978515625,7370.77978515625,6103410176.0,BTC-USD
2018-07-18,7378.2001953125,7494.4599609375,7295.4599609375,7466.85986328125,7466.85986328125,5111629824.0,BTC-USD
2018-07-19,7467.39990234375,7594.669921875,7323.259765625,7354.1298828125,7354.1298828125,4936869888.0,BTC-USD
2018-07-20,7352.72021484375,7437.64013671875,7262.41015625,7419.2900390625,7419.2900390625,3726609920.0,BTC-USD
2018-07-21,7417.7998046875,7537.9501953125,7383.81982421875,7418.490234375,7418.490234375,3695460096.0,BTC-USD
2018-07-22,7414.7099609375,7771.5,7409.10009765625,7711.10986328125,7711.10986328125,5132480000.0,BTC-USD
2018-07-23,7716.509765625,8424.26953125,7705.5,8424.26953125,8424.26953125,7277689856.0,BTC-USD
2018-07-24,8379.66015625,8416.8701171875,8086.35986328125,8181.39013671875,8181.39013671875,5845400064.0,BTC-USD
2018-07-25,8176.85009765625,8290.330078125,7878.7099609375,7951.580078125,7951.580078125,4899089920.0,BTC-USD
2018-07-26,7950.39990234375,8262.66015625,7839.759765625,8165.009765625,8165.009765625,5195879936.0,BTC-USD
2018-07-27,8169.06005859375,8222.849609375,8110.77001953125,8192.150390625,8192.150390625,3988750080.0,BTC-USD
2018-07-28,8205.8203125,8272.259765625,8141.18017578125,8218.4599609375,8218.4599609375,4107190016.0,BTC-USD
2018-07-29,8221.580078125,8235.5,7917.5,8180.47998046875,8180.47998046875,5551400000.0,BTC-USD
2018-07-30,8181.2001953125,8181.52978515625,7696.93017578125,7780.43994140625,7780.43994140625,5287530000.0,BTC-USD
2018-07-31,7769.0400390625,7769.0400390625,7504.9501953125,7624.91015625,7624.91015625,4797620000.0,BTC-USD
2018-08-01,7634.18994140625,7712.77001953125,7523.43994140625,7567.14990234375,7567.14990234375,4214110000.0,BTC-USD
2018-08-02,7562.14013671875,7562.14013671875,7328.64990234375,7434.39013671875,7434.39013671875,4627150000.0,BTC-USD
2018-08-03,7438.669921875,7497.490234375,6984.06982421875,7032.85009765625,7032.85009765625,4268390000.0,BTC-USD
2018-08-04,7031.080078125,7102.77001953125,6940.7001953125,7068.47998046875,7068.47998046875,3679110000.0,BTC-USD
2018-08-05,7062.93994140625,7166.5498046875,6890.5400390625,6951.7998046875,6951.7998046875,3925900000.0,BTC-USD
2018-08-06,6958.31982421875,7146.56005859375,6748.240234375,6753.1201171875,6753.1201171875,4682800000.0,BTC-USD
2018-08-07,6746.85009765625,6746.85009765625,6226.22021484375,6305.7998046875,6305.7998046875,5064430000.0,BTC-USD
2018-08-08,6305.56005859375,6625.72998046875,6249.06982421875,6568.22998046875,6568.22998046875,4267040000.0,BTC-USD
2018-08-09,6571.419921875,6591.259765625,6124.52001953125,6184.7099609375,6184.7099609375,4528680000.0,BTC-USD
2018-08-10,6185.7900390625,6455.740234375,6109.02978515625,6295.72998046875,6295.72998046875,4047850000.0,BTC-USD
2018-08-11,6283.64990234375,6409.85009765625,6237.5,6322.68994140625,6322.68994140625,5665250000.0,BTC-USD
2018-08-12,6341.35986328125,6537.0498046875,6225.72021484375,6297.56982421875,6297.56982421875,4083980000.0,BTC-USD
2018-08-13,6287.66015625,6287.93994140625,5971.0498046875,6199.7099609375,6199.7099609375,5301700000.0,BTC-USD
2018-08-14,6221.419921875,6588.490234375,6221.419921875,6308.52001953125,6308.52001953125,4895450000.0,BTC-USD
2018-08-15,6294.22998046875,6473.5,6276.41015625,6334.72998046875,6334.72998046875,4328420000.0,BTC-USD
2018-08-16,6340.91015625,6582.5,6324.97021484375,6580.6298828125,6580.6298828125,4992990000.0,BTC-USD
2018-08-17,6583.43017578125,6617.35009765625,6353.72998046875,6423.759765625,6423.759765625,3984520000.0,BTC-USD
2018-08-18,6422.56982421875,6537.97998046875,6361.5498046875,6506.06982421875,6506.06982421875,3311170000.0,BTC-USD
2018-08-19,6500.509765625,6536.919921875,6297.93017578125,6308.52978515625,6308.52978515625,3665100000.0,BTC-USD
2018-08-20,6301.06982421875,6500.8701171875,6298.240234375,6488.759765625,6488.759765625,3377180000.0,BTC-USD
2018-08-21,6486.25,6816.7900390625,6310.10986328125,6376.7099609375,6376.7099609375,4668110000.0,BTC-USD
2018-08-22,6371.33984375,6546.5400390625,6371.33984375,6534.8798828125,6534.8798828125,3426180000.0,BTC-USD
2018-08-23,6551.52001953125,6719.9599609375,6498.64013671875,6719.9599609375,6719.9599609375,4097820000.0,BTC-USD
2018-08-24,6719.9501953125,6789.6298828125,6700.9599609375,6763.18994140625,6763.18994140625,3312600000.0,BTC-USD
2018-08-25,6754.64013671875,6774.75,6620.75,6707.259765625,6707.259765625,3295500000.0,BTC-USD
2018-08-26,6710.7998046875,6884.64013671875,6689.7099609375,6884.64013671875,6884.64013671875,4019000000.0,BTC-USD
2018-08-27,6891.080078125,7109.56005859375,6882.33984375,7096.27978515625,7096.27978515625,4659940000.0,BTC-USD
2018-08-28,7091.7099609375,7113.2998046875,6970.81982421875,7047.16015625,7047.16015625,4145880000.0,BTC-USD
2018-08-29,7043.759765625,7072.68994140625,6834.68994140625,6978.22998046875,6978.22998046875,4463250000.0,BTC-USD
2018-08-30,6973.97021484375,7057.169921875,6920.16015625,7037.580078125,7037.580078125,4495650000.0,BTC-USD
2018-08-31,7044.81005859375,7242.2900390625,7038.0498046875,7193.25,7193.25,4116050000.0,BTC-USD
2018-09-01,7189.580078125,7306.31005859375,7132.16015625,7272.72021484375,7272.72021484375,4329540000.0,BTC-USD
2018-09-02,7279.02978515625,7317.93994140625,7208.14990234375,7260.06005859375,7260.06005859375,4087760000.0,BTC-USD
2018-09-03,7263.0,7388.259765625,7255.43994140625,7361.66015625,7361.66015625,4273640000.0,BTC-USD
2018-09-04,7361.4599609375,7388.43017578125,6792.830078125,6792.830078125,6792.830078125,5800460000.0,BTC-USD
2018-09-05,6755.14013671875,6755.14013671875,6404.72021484375,6529.169921875,6529.169921875,5523470000.0,BTC-USD
2018-09-06,6528.919921875,6555.2900390625,6396.8701171875,6467.06982421875,6467.06982421875,4264680000.0,BTC-USD
2018-09-07,6460.169921875,6534.25,6197.52001953125,6225.97998046875,6225.97998046875,3835060000.0,BTC-USD
2018-09-08,6223.3798828125,6446.259765625,6201.22021484375,6300.85986328125,6300.85986328125,3671890000.0,BTC-USD
2018-09-09,6301.56982421875,6374.97998046875,6292.759765625,6329.7001953125,6329.7001953125,3714100000.0,BTC-USD
2018-09-10,6331.8798828125,6398.919921875,6260.2099609375,6321.2001953125,6321.2001953125,3849910000.0,BTC-USD
2018-09-11,6317.009765625,6363.8701171875,6265.08984375,6351.7998046875,6351.7998046875,4064230000.0,BTC-USD
2018-09-12,6354.240234375,6535.41015625,6354.240234375,6517.31005859375,6517.31005859375,4210910000.0,BTC-USD
2018-09-13,6515.41015625,6596.10009765625,6456.169921875,6512.7099609375,6512.7099609375,4076220000.0,BTC-USD
2018-09-14,6509.39990234375,6561.72021484375,6493.5498046875,6543.2001953125,6543.2001953125,3216300000.0,BTC-USD
2018-09-15,6536.68017578125,6544.330078125,6460.10009765625,6517.18017578125,6517.18017578125,3273730000.0,BTC-USD
2018-09-16,6514.06005859375,6540.2099609375,6257.52001953125,6281.2001953125,6281.2001953125,3910780000.0,BTC-USD
2018-09-17,6280.91015625,6384.18017578125,6265.7099609375,6371.2998046875,6371.2998046875,4180090000.0,BTC-USD
2018-09-18,6371.85009765625,6448.4599609375,6208.33984375,6398.5400390625,6398.5400390625,4431340000.0,BTC-USD
2018-09-19,6398.85009765625,6529.259765625,6395.9501953125,6519.669921875,6519.669921875,4348110000.0,BTC-USD
2018-09-20,6513.8701171875,6794.330078125,6496.35986328125,6734.9501953125,6734.9501953125,6531940000.0,BTC-USD
2018-09-21,6735.0498046875,6814.56005859375,6616.7998046875,6721.97998046875,6721.97998046875,4509660000.0,BTC-USD
2018-09-22,6715.31982421875,6766.14990234375,6679.419921875,6710.6298828125,6710.6298828125,4197500000.0,BTC-USD
2018-09-23,6704.77001953125,6713.56005859375,6580.89990234375,6595.41015625,6595.41015625,4177310000.0,BTC-USD
2018-09-24,6603.64013671875,6603.64013671875,6381.85986328125,6446.47021484375,6446.47021484375,4726180000.0,BTC-USD
2018-09-25,6452.7900390625,6585.91015625,6397.89013671875,6495.0,6495.0,4437300000.0,BTC-USD
2018-09-26,6495.2900390625,6712.10009765625,6464.9501953125,6676.75,6676.75,4606810000.0,BTC-USD
2018-09-27,6678.75,6785.02978515625,6598.31982421875,6644.1298828125,6644.1298828125,5014430000.0,BTC-USD
2018-09-28,6643.10009765625,6643.10009765625,6511.64990234375,6601.9599609375,6601.9599609375,4363690000.0,BTC-USD
2018-09-29,6604.7099609375,6643.77978515625,6566.5400390625,6625.56005859375,6625.56005859375,4002280000.0,BTC-USD
2018-09-30,6619.85009765625,6653.2998046875,6549.080078125,6589.6201171875,6589.6201171875,4000970000.0,BTC-USD
2018-10-01,6593.240234375,6611.83984375,6537.89990234375,6556.10009765625,6556.10009765625,3979260000.0,BTC-USD
2018-10-02,6553.85986328125,6571.4599609375,6454.02978515625,6502.58984375,6502.58984375,3887310000.0,BTC-USD
2018-10-03,6497.91015625,6603.31005859375,6497.91015625,6576.68994140625,6576.68994140625,3838410000.0,BTC-USD
2018-10-04,6574.14990234375,6623.6201171875,6557.41015625,6622.47998046875,6622.47998046875,3671500000.0,BTC-USD
2018-10-05,6622.4501953125,6628.5400390625,6577.7998046875,6588.31005859375,6588.31005859375,3259740000.0,BTC-USD
2018-10-06,6590.68017578125,6641.490234375,6557.0400390625,6602.9501953125,6602.9501953125,3306630000.0,BTC-USD
2018-10-07,6600.18994140625,6675.06005859375,6576.0400390625,6652.22998046875,6652.22998046875,3979460000.0,BTC-USD
2018-10-08,6653.080078125,6661.41015625,6606.93994140625,6642.64013671875,6642.64013671875,3580810000.0,BTC-USD
2018-10-09,6640.2900390625,6640.2900390625,6538.9599609375,6585.52978515625,6585.52978515625,3787650000.0,BTC-USD
2018-10-10,6586.740234375,6586.740234375,6243.740234375,6256.240234375,6256.240234375,5181640000.0,BTC-USD
2018-10-11,6239.25,6328.5,6236.47021484375,6274.580078125,6274.580078125,3783500000.0,BTC-USD
2018-10-12,6278.080078125,6308.509765625,6259.81005859375,6285.990234375,6285.990234375,3064030000.0,BTC-USD
2018-10-13,6288.490234375,6363.2099609375,6280.14990234375,6290.93017578125,6290.93017578125,3085320000.0,BTC-USD
2018-10-14,6292.64013671875,6965.06005859375,6258.68017578125,6596.5400390625,6596.5400390625,7370770000.0,BTC-USD
2018-10-15,6601.41015625,6673.58984375,6571.3701171875,6596.10986328125,6596.10986328125,4074800000.0,BTC-USD
2018-10-16,6590.52001953125,6601.2099609375,6517.4501953125,6544.43017578125,6544.43017578125,4088420000.0,BTC-USD
2018-10-17,6542.330078125,6567.5400390625,6450.0400390625,6476.7099609375,6476.7099609375,3924080000.0,BTC-USD
2018-10-18,6478.06982421875,6493.68017578125,6445.31005859375,6465.41015625,6465.41015625,3578870000.0,BTC-USD
2018-10-19,6460.919921875,6497.72021484375,6449.0,6489.18994140625,6489.18994140625,3379130000.0,BTC-USD
2018-10-20,6490.08984375,6556.3798828125,6476.0,6482.35009765625,6482.35009765625,3253610000.0,BTC-USD
2018-10-21,6486.0498046875,6543.7998046875,6462.97998046875,6487.16015625,6487.16015625,3672860000.0,BTC-USD
2018-10-22,6472.35986328125,6506.009765625,6451.27001953125,6475.740234375,6475.740234375,3716150000.0,BTC-USD
2018-10-23,6478.89013671875,6521.990234375,6468.85986328125,6495.83984375,6495.83984375,3424670000.0,BTC-USD
2018-10-24,6484.64990234375,6504.64990234375,6447.02978515625,6476.2900390625,6476.2900390625,3230550000.0,BTC-USD
2018-10-25,6468.43994140625,6498.2900390625,6449.60986328125,6474.75,6474.75,3306050000.0,BTC-USD
2018-10-26,6480.83984375,6507.41015625,6453.52978515625,6480.3798828125,6480.3798828125,3393250000.0,BTC-USD
2018-10-27,6482.66015625,6502.27978515625,6447.91015625,6486.39013671875,6486.39013671875,3445190000.0,BTC-USD
2018-10-29,6492.35009765625,6503.60009765625,6306.990234375,6332.6298828125,6332.6298828125,4199910000.0,BTC-USD
2018-10-30,6337.0400390625,6364.990234375,6310.14013671875,6334.27001953125,6334.27001953125,3781100000.0,BTC-USD
2018-10-31,6336.990234375,6349.16015625,6316.8798828125,6317.60986328125,6317.60986328125,4191240000.0,BTC-USD
2018-11-01,6318.14013671875,6547.14013671875,6311.830078125,6377.77978515625,6377.77978515625,3789400000.0,BTC-USD
2018-11-02,6378.919921875,6396.85986328125,6327.3798828125,6388.43994140625,6388.43994140625,4234870000.0,BTC-USD
2018-11-03,6387.240234375,6400.06982421875,6342.3701171875,6361.259765625,6361.259765625,3658640000.0,BTC-USD
2018-11-04,6365.47021484375,6388.6298828125,6294.56982421875,6376.1298828125,6376.1298828125,4390020000.0,BTC-USD
2018-11-05,6363.6201171875,6480.58984375,6363.6201171875,6419.66015625,6419.66015625,4174800000.0,BTC-USD
2018-11-06,6433.3798828125,6463.5498046875,6408.16015625,6461.009765625,6461.009765625,4700040000.0,BTC-USD
2018-11-07,6468.5,6552.16015625,6468.31005859375,6530.14013671875,6530.14013671875,4941260000.0,BTC-USD
2018-11-08,6522.27001953125,6536.919921875,6438.52978515625,6453.72021484375,6453.72021484375,4665260000.0,BTC-USD
2018-11-09,6442.60009765625,6456.4599609375,6373.3701171875,6385.6201171875,6385.6201171875,4346820000.0,BTC-USD
2018-11-10,6386.1298828125,6437.27978515625,6385.31005859375,6409.22021484375,6409.22021484375,3705320000.0,BTC-USD
2018-11-11,6413.6298828125,6423.25,6350.169921875,6411.27001953125,6411.27001953125,3939060000.0,BTC-USD
2018-11-12,6411.759765625,6434.2099609375,6360.47021484375,6371.27001953125,6371.27001953125,4295770000.0,BTC-USD
2018-11-13,6373.18994140625,6395.27001953125,6342.669921875,6359.490234375,6359.490234375,4503800000.0,BTC-USD
2018-11-14,6351.240234375,6371.5498046875,5544.08984375,5738.35009765625,5738.35009765625,7398940000.0,BTC-USD
2018-11-15,5736.14990234375,5774.81982421875,5358.3798828125,5648.02978515625,5648.02978515625,7032140000.0,BTC-USD
2018-11-16,5645.31982421875,5657.02001953125,5498.93994140625,5575.5498046875,5575.5498046875,5279320000.0,BTC-USD
2018-11-17,5578.580078125,5578.580078125,5519.56005859375,5554.330078125,5554.330078125,4303150000.0,BTC-USD
2018-11-18,5559.740234375,5653.60986328125,5559.740234375,5623.5400390625,5623.5400390625,4159680000.0,BTC-USD
2018-11-19,5620.77978515625,5620.77978515625,4842.91015625,4871.490234375,4871.490234375,7039560000.0,BTC-USD
2018-11-20,4863.93017578125,4951.60986328125,4272.10986328125,4451.8701171875,4451.8701171875,8428290000.0,BTC-USD
2018-11-21,4465.5400390625,4675.72998046875,4343.97998046875,4602.169921875,4602.169921875,6120120000.0,BTC-USD
2018-11-22,4611.56982421875,4629.64013671875,4365.64013671875,4365.93994140625,4365.93994140625,4569370000.0,BTC-USD
2018-11-23,4360.7001953125,4396.419921875,4195.68017578125,4347.10986328125,4347.10986328125,4871490000.0,BTC-USD
2018-11-24,4347.68994140625,4413.08984375,3795.159912109375,3880.760009765625,3880.760009765625,4679500000.0,BTC-USD
2018-11-25,3880.780029296875,4120.8701171875,3585.06005859375,4009.969970703125,4009.969970703125,6825640000.0,BTC-USD
2018-11-26,4015.070068359375,4107.14013671875,3643.919921875,3779.1298828125,3779.1298828125,6476900000.0,BTC-USD
2018-11-27,3765.949951171875,3862.9599609375,3661.010009765625,3820.719970703125,3820.719970703125,5998720000.0,BTC-USD
2018-11-28,3822.469970703125,4385.89990234375,3822.469970703125,4257.419921875,4257.419921875,7280280000.0,BTC-USD
2018-11-29,4269.00439453125,4413.0205078125,4145.76513671875,4278.8466796875,4278.8466796875,6503347767.0,BTC-USD
2018-11-30,4289.0888671875,4322.9765625,3942.822021484375,4017.2685546875,4017.2685546875,6048016716.0,BTC-USD
2018-12-01,4024.46435546875,4309.37744140625,3969.710693359375,4214.671875,4214.671875,5375314093.0,BTC-USD
2018-12-02,4200.7333984375,4301.51953125,4110.978515625,4139.8779296875,4139.8779296875,5262697895.0,BTC-USD
2018-12-03,4147.32373046875,4155.9794921875,3840.4462890625,3894.130859375,3894.130859375,5089570993.0,BTC-USD
2018-12-04,3886.294921875,4075.627685546875,3832.75,3956.893798828125,3956.893798828125,5028069239.0,BTC-USD
2018-12-05,3958.894775390625,3969.535888671875,3753.994873046875,3753.994873046875,3753.994873046875,5302481573.0,BTC-USD
2018-12-06,3754.074462890625,3874.966064453125,3521.101806640625,3521.101806640625,3521.101806640625,5878333109.0,BTC-USD
2018-12-07,3512.59033203125,3512.59033203125,3280.228759765625,3419.937255859375,3419.937255859375,6835615448.0,BTC-USD
2018-12-08,3421.910400390625,3506.04345703125,3350.650634765625,3476.11474609375,3476.11474609375,5305024497.0,BTC-USD
2018-12-09,3473.2275390625,3685.3056640625,3469.09423828125,3614.234375,3614.234375,4947372847.0,BTC-USD
2018-12-10,3612.04638671875,3647.33251953125,3470.14453125,3502.656005859375,3502.656005859375,5020968740.0,BTC-USD
2018-12-11,3497.5546875,3513.18505859375,3392.25,3424.588134765625,3424.588134765625,4696765187.0,BTC-USD
2018-12-12,3421.458251953125,3534.228515625,3413.4814453125,3486.9501953125,3486.9501953125,4139364828.0,BTC-USD
2018-12-13,3487.87939453125,3489.739501953125,3298.132080078125,3313.67724609375,3313.67724609375,4343372456.0,BTC-USD
2018-12-14,3311.751953125,3329.555908203125,3206.542236328125,3242.48486328125,3242.48486328125,4372763663.0,BTC-USD
2018-12-15,3243.99755859375,3275.3779296875,3191.303466796875,3236.76171875,3236.76171875,3551763561.0,BTC-USD
2018-12-16,3236.274658203125,3305.753173828125,3233.81982421875,3252.839111328125,3252.839111328125,3744248994.0,BTC-USD
2018-12-17,3253.123046875,3597.91796875,3253.123046875,3545.86474609375,3545.86474609375,5409247918.0,BTC-USD
2018-12-18,3544.761474609375,3701.349365234375,3487.169189453125,3696.05908203125,3696.05908203125,5911325472.0,BTC-USD
2018-12-19,3706.824951171875,3949.322998046875,3687.22998046875,3745.95068359375,3745.95068359375,6810689118.0,BTC-USD
2018-12-20,3742.195068359375,4191.228515625,3728.974609375,4134.44140625,4134.44140625,8927129279.0,BTC-USD
2018-12-21,4133.70361328125,4198.4296875,3850.9462890625,3896.543701171875,3896.543701171875,7206015706.0,BTC-USD
2018-12-22,3898.083740234375,4014.1826171875,3855.739013671875,4014.1826171875,4014.1826171875,5605823232.0,BTC-USD
2018-12-23,4020.99462890625,4085.7236328125,3976.40576171875,3998.980224609375,3998.980224609375,6151275489.0,BTC-USD
2018-12-24,4000.331787109375,4271.79248046875,4000.331787109375,4078.59912109375,4078.59912109375,7240968501.0,BTC-USD
2018-12-25,4081.030517578125,4089.5615234375,3760.0205078125,3815.49072265625,3815.49072265625,6158207293.0,BTC-USD
2018-12-26,3819.666748046875,3893.359619140625,3769.86376953125,3857.297607421875,3857.297607421875,5326547918.0,BTC-USD
2018-12-27,3854.6884765625,3874.4169921875,3645.448486328125,3654.83349609375,3654.83349609375,5130222366.0,BTC-USD
2018-12-28,3653.1318359375,3956.135986328125,3642.632080078125,3923.918701171875,3923.918701171875,5631554348.0,BTC-USD
2018-12-29,3932.49169921875,3963.7587890625,3820.40869140625,3820.40869140625,3820.40869140625,4991655917.0,BTC-USD
2018-12-30,3822.384765625,3901.908935546875,3797.21923828125,3865.95263671875,3865.95263671875,4770578574.0,BTC-USD
2018-12-31,3866.839111328125,3868.742919921875,3725.867431640625,3742.700439453125,3742.700439453125,4661840806.0,BTC-USD
2019-01-01,3746.71337890625,3850.913818359375,3707.231201171875,3843.52001953125,3843.52001953125,4324200990.0,BTC-USD
2019-01-02,3849.21630859375,3947.981201171875,3817.409423828125,3943.409423828125,3943.409423828125,5244856835.0,BTC-USD
2019-01-03,3931.048583984375,3935.68505859375,3826.222900390625,3836.7412109375,3836.7412109375,4530215218.0,BTC-USD
2019-01-04,3832.0400390625,3865.9345703125,3783.853759765625,3857.717529296875,3857.717529296875,4847965467.0,BTC-USD
2019-01-05,3851.973876953125,3904.903076171875,3836.900146484375,3845.194580078125,3845.194580078125,5137609823.0,BTC-USD
2019-01-06,3836.51904296875,4093.29736328125,3826.51318359375,4076.632568359375,4076.632568359375,5597027439.0,BTC-USD
2019-01-07,4078.5849609375,4092.613525390625,4020.89404296875,4025.248291015625,4025.248291015625,5228625637.0,BTC-USD
2019-01-08,4028.47216796875,4109.02099609375,3996.955322265625,4030.847900390625,4030.847900390625,5306593305.0,BTC-USD
2019-01-09,4031.552001953125,4068.403564453125,4022.662841796875,4035.29638671875,4035.29638671875,5115905224.0,BTC-USD
2019-01-10,4034.411376953125,4064.066650390625,3659.174560546875,3678.924560546875,3678.924560546875,6874143795.0,BTC-USD
2019-01-11,3674.015380859375,3713.8818359375,3653.06982421875,3687.365478515625,3687.365478515625,5538712864.0,BTC-USD
2019-01-12,3686.97314453125,3698.978271484375,3653.810791015625,3661.301025390625,3661.301025390625,4778170882.0,BTC-USD
2019-01-13,3658.8681640625,3674.760009765625,3544.92724609375,3552.953125,3552.953125,4681302465.0,BTC-USD
2019-01-14,3557.31103515625,3727.836181640625,3552.28515625,3706.05224609375,3706.05224609375,5651384489.0,BTC-USD
2019-01-15,3704.21630859375,3720.1533203125,3619.94921875,3630.67529296875,3630.67529296875,5537192301.0,BTC-USD
2019-01-16,3631.509765625,3685.777099609375,3624.67333984375,3655.0068359375,3655.0068359375,5394457144.0,BTC-USD
2019-01-17,3651.87109375,3680.135986328125,3621.9609375,3678.56396484375,3678.56396484375,5464420383.0,BTC-USD
2019-01-18,3677.990478515625,3682.52001953125,3637.080810546875,3657.83935546875,3657.83935546875,5002961726.0,BTC-USD
2019-01-19,3652.3779296875,3758.533447265625,3652.3779296875,3728.568359375,3728.568359375,5955691379.0,BTC-USD
2019-01-20,3725.446044921875,3743.387939453125,3583.01953125,3601.013671875,3601.013671875,5582489559.0,BTC-USD
2019-01-21,3600.372802734375,3608.8408203125,3558.537109375,3576.032470703125,3576.032470703125,5004347059.0,BTC-USD
2019-01-22,3575.081298828125,3620.74658203125,3539.721435546875,3604.5771484375,3604.5771484375,5313623556.0,BTC-USD
2019-01-23,3605.55712890625,3623.06787109375,3565.31396484375,3585.123046875,3585.123046875,5433755648.0,BTC-USD
2019-01-24,3584.500244140625,3616.08740234375,3569.0927734375,3600.865478515625,3600.865478515625,5262869046.0,BTC-USD
2019-01-25,3607.390380859375,3612.927734375,3575.597412109375,3599.765869140625,3599.765869140625,5265847538.0,BTC-USD
2019-01-26,3599.71533203125,3654.93310546875,3593.345947265625,3602.46044921875,3602.46044921875,5098183234.0,BTC-USD
2019-01-27,3604.687255859375,3612.67138671875,3567.245849609375,3583.9658203125,3583.9658203125,5570752966.0,BTC-USD
2019-01-28,3584.283203125,3586.7509765625,3439.23291015625,3470.450439453125,3470.450439453125,6908930483.0,BTC-USD
2019-01-29,3468.8701171875,3476.0654296875,3400.81982421875,3448.116943359375,3448.116943359375,5897159492.0,BTC-USD
2019-01-30,3443.89697265625,3495.1748046875,3429.387939453125,3486.181640625,3486.181640625,5955112626.0,BTC-USD
2019-01-31,3485.4091796875,3504.804931640625,3447.915771484375,3457.792724609375,3457.792724609375,5831198270.0,BTC-USD
2019-02-01,3460.547119140625,3501.9541015625,3431.591552734375,3487.9453125,3487.9453125,5422926707.0,BTC-USD
2019-02-02,3484.6259765625,3523.287353515625,3467.57470703125,3521.060791015625,3521.060791015625,5071623600.0,BTC-USD
2019-02-03,3516.1396484375,3521.38818359375,3447.92431640625,3464.013427734375,3464.013427734375,5043937583.0,BTC-USD
2019-02-04,3467.211669921875,3476.223876953125,3442.5869140625,3459.154052734375,3459.154052734375,5332718886.0,BTC-USD
2019-02-05,3454.950927734375,3478.148193359375,3451.93701171875,3466.357421875,3466.357421875,5227549544.0,BTC-USD
2019-02-06,3469.091796875,3469.091796875,3398.5654296875,3413.767822265625,3413.767822265625,5482196037.0,BTC-USD
2019-02-07,3414.929443359375,3427.945556640625,3394.218505859375,3399.4716796875,3399.4716796875,5004962682.0,BTC-USD
2019-02-08,3401.37646484375,3695.614013671875,3391.023681640625,3666.7802734375,3666.7802734375,7735623101.0,BTC-USD
2019-02-09,3671.5859375,3679.94140625,3646.559326171875,3671.20361328125,3671.20361328125,6158833644.0,BTC-USD
2019-02-10,3673.201416015625,3695.0361328125,3640.97998046875,3690.188232421875,3690.188232421875,6282256902.0,BTC-USD
2019-02-11,3695.613037109375,3695.613037109375,3642.287841796875,3648.4306640625,3648.4306640625,6277056433.0,BTC-USD
2019-02-12,3642.751953125,3668.5869140625,3618.556884765625,3653.528564453125,3653.528564453125,6480384531.0,BTC-USD
2019-02-13,3653.60400390625,3669.74658203125,3617.246337890625,3632.070556640625,3632.070556640625,6438903822.0,BTC-USD
2019-02-14,3631.170166015625,3646.256591796875,3607.69775390625,3616.880859375,3616.880859375,6271044417.0,BTC-USD
2019-02-15,3617.368408203125,3647.795166015625,3608.20654296875,3620.810791015625,3620.810791015625,6091952230.0,BTC-USD
2019-02-16,3615.270263671875,3652.84130859375,3615.270263671875,3629.78759765625,3629.78759765625,5934744051.0,BTC-USD
2019-02-17,3633.359375,3680.537353515625,3619.18212890625,3673.836181640625,3673.836181640625,7039512502.0,BTC-USD
2019-02-18,3671.369873046875,3936.6650390625,3669.982421875,3915.71435546875,3915.71435546875,9908216640.0,BTC-USD
2019-02-19,3911.66162109375,4010.87939453125,3908.153076171875,3947.094482421875,3947.094482421875,9933626654.0,BTC-USD
2019-02-20,3946.68505859375,4000.486328125,3926.246826171875,3999.820556640625,3999.820556640625,8693373948.0,BTC-USD
2019-02-21,4000.2568359375,4010.009521484375,3940.108154296875,3954.1181640625,3954.1181640625,7775128102.0,BTC-USD
2019-02-22,3952.406494140625,4006.538330078125,3950.81640625,4005.526611328125,4005.526611328125,7826525254.0,BTC-USD
2019-02-23,3998.916259765625,4166.2861328125,3968.726806640625,4142.52685546875,4142.52685546875,8922258315.0,BTC-USD
2019-02-24,4145.4580078125,4210.6416015625,3793.708984375,3810.427490234375,3810.427490234375,10794227451.0,BTC-USD
2019-02-25,3807.00244140625,3913.707275390625,3807.00244140625,3882.6962890625,3882.6962890625,9318796066.0,BTC-USD
2019-02-26,3878.697265625,3891.578857421875,3837.986328125,3854.35791015625,3854.35791015625,7931218996.0,BTC-USD
2019-02-27,3857.479736328125,3888.802490234375,3787.058837890625,3851.04736328125,3851.04736328125,8301309684.0,BTC-USD
2019-02-28,3848.261962890625,3906.058349609375,3845.8212890625,3854.785400390625,3854.785400390625,8399767798.0,BTC-USD
2019-03-01,3853.757080078125,3907.79541015625,3851.6923828125,3859.583740234375,3859.583740234375,7661247975.0,BTC-USD
2019-03-02,3855.318115234375,3874.607421875,3832.1279296875,3864.4150390625,3864.4150390625,7578786075.0,BTC-USD
2019-03-03,3862.26611328125,3875.483642578125,3836.90576171875,3847.17578125,3847.17578125,7253558152.0,BTC-USD
2019-03-04,3845.091552734375,3867.3818359375,3733.749755859375,3761.55712890625,3761.55712890625,9029175787.0,BTC-USD
2019-03-05,3759.83251953125,3903.916748046875,3745.18310546875,3896.375,3896.375,10174126414.0,BTC-USD
2019-03-06,3897.0810546875,3919.510498046875,3871.460693359375,3903.942626953125,3903.942626953125,9175291528.0,BTC-USD
2019-03-07,3903.384765625,3939.373291015625,3894.113037109375,3911.484375,3911.484375,9584165518.0,BTC-USD
2019-03-08,3913.225830078125,3950.43212890625,3875.228515625,3901.131591796875,3901.131591796875,10638638944.0,BTC-USD
2019-03-09,3894.552490234375,3987.23779296875,3892.390380859375,3963.313720703125,3963.313720703125,10796103518.0,BTC-USD
2019-03-10,3966.17431640625,3966.17431640625,3924.381103515625,3951.599853515625,3951.599853515625,9713267606.0,BTC-USD
2019-03-11,3953.740234375,3966.384765625,3889.239013671875,3905.227294921875,3905.227294921875,10125901902.0,BTC-USD
2019-03-12,3903.75830078125,3926.88916015625,3863.55908203125,3909.15625,3909.15625,9809887079.0,BTC-USD
2019-03-13,3913.04736328125,3926.59765625,3891.904296875,3906.71728515625,3906.71728515625,9469184841.0,BTC-USD
2019-03-14,3905.576904296875,3946.50439453125,3901.296875,3924.369140625,3924.369140625,10480789569.0,BTC-USD
2019-03-15,3926.663330078125,3968.54296875,3914.015380859375,3960.9111328125,3960.9111328125,9394210604.0,BTC-USD
2019-03-16,3963.900146484375,4077.036376953125,3961.657470703125,4048.725830078125,4048.725830078125,9856166973.0,BTC-USD
2019-03-17,4047.719482421875,4054.1220703125,4006.4111328125,4025.22900390625,4025.22900390625,8221625399.0,BTC-USD
2019-03-18,4029.968505859375,4071.556640625,4009.1171875,4032.50732421875,4032.50732421875,9646954186.0,BTC-USD
2019-03-19,4032.69189453125,4082.216064453125,4023.8125,4071.190185546875,4071.190185546875,9344919956.0,BTC-USD
2019-03-20,4070.7939453125,4089.4619140625,4031.11083984375,4087.476318359375,4087.476318359375,10175916388.0,BTC-USD
2019-03-21,4083.953857421875,4097.35986328125,4005.1513671875,4029.326904296875,4029.326904296875,10831212661.0,BTC-USD
2019-03-22,4028.5146484375,4053.90673828125,4021.54248046875,4023.96826171875,4023.96826171875,9252935969.0,BTC-USD
2019-03-23,4022.71337890625,4049.882568359375,4015.964599609375,4035.826416015625,4035.826416015625,9578850549.0,BTC-USD
2019-03-24,4035.16357421875,4040.69970703125,4006.19287109375,4022.168212890625,4022.168212890625,9144851064.0,BTC-USD
2019-03-25,4024.11279296875,4038.8408203125,3934.03125,3963.070556640625,3963.070556640625,10359818882.0,BTC-USD
2019-03-26,3969.228759765625,3985.080810546875,3944.753173828125,3985.080810546875,3985.080810546875,10707678814.0,BTC-USD
2019-03-27,3984.244873046875,4087.066162109375,3977.810546875,4087.066162109375,4087.066162109375,10897131934.0,BTC-USD
2019-03-28,4087.58447265625,4094.902099609375,4040.266357421875,4069.107177734375,4069.107177734375,9353915899.0,BTC-USD
2019-03-29,4068.2998046875,4113.5009765625,4034.09716796875,4098.37451171875,4098.37451171875,10918665556.0,BTC-USD
2019-03-30,4092.13623046875,4296.806640625,4053.90966796875,4106.66015625,4106.66015625,9732688060.0,BTC-USD
2019-03-31,4105.4560546875,4113.0234375,4094.100830078125,4105.404296875,4105.404296875,9045122442.0,BTC-USD
2019-03-31,4105.3623046875,4164.953125,4096.9013671875,4158.18310546875,4158.18310546875,10157794170.0,BTC-USD
2019-04-01,4156.91943359375,4905.95458984375,4155.31689453125,4879.8779296875,4879.8779296875,21315047816.0,BTC-USD
2019-04-02,4879.9580078125,5307.00341796875,4876.62109375,4973.02197265625,4973.02197265625,22899891582.0,BTC-USD
2019-04-03,4971.3076171875,5063.15966796875,4836.7939453125,4922.798828125,4922.798828125,18251810239.0,BTC-USD
2019-04-04,4922.80615234375,5053.509765625,4919.49169921875,5036.68115234375,5036.68115234375,16837325387.0,BTC-USD
2019-04-05,5036.79296875,5205.82177734375,4992.22216796875,5059.8173828125,5059.8173828125,16929795193.0,BTC-USD
2019-04-06,5062.7939453125,5235.1865234375,5050.412109375,5198.89697265625,5198.89697265625,16655416140.0,BTC-USD
2019-04-07,5199.83544921875,5318.83642578125,5148.2119140625,5289.77099609375,5289.77099609375,17154113634.0,BTC-USD
2019-04-08,5289.91796875,5289.91796875,5167.4189453125,5204.95849609375,5204.95849609375,14722104361.0,BTC-USD
2019-04-09,5204.10546875,5421.6513671875,5193.38232421875,5324.5517578125,5324.5517578125,15504590933.0,BTC-USD
2019-04-10,5325.08154296875,5354.2255859375,5017.29638671875,5064.48779296875,5064.48779296875,16555616019.0,BTC-USD
2019-04-11,5061.20068359375,5103.2744140625,4955.8525390625,5089.5390625,5089.5390625,13675206312.0,BTC-USD
2019-04-12,5088.85009765625,5127.1220703125,5061.58935546875,5096.58642578125,5096.58642578125,10823289598.0,BTC-USD
2019-04-13,5095.7587890625,5184.01611328125,5053.568359375,5167.72216796875,5167.72216796875,10391952498.0,BTC-USD
2019-04-14,5167.32177734375,5196.60693359375,5024.0693359375,5067.1083984375,5067.1083984375,12290155060.0,BTC-USD
2019-04-15,5066.57763671875,5238.9453125,5055.19482421875,5235.5595703125,5235.5595703125,11618660197.0,BTC-USD
2019-04-16,5236.13525390625,5274.275390625,5219.20556640625,5251.93798828125,5251.93798828125,12438480676.0,BTC-USD
2019-04-17,5251.48046875,5319.986328125,5250.5068359375,5298.3857421875,5298.3857421875,13256489918.0,BTC-USD
2019-04-18,5298.154296875,5336.68017578125,5233.33544921875,5303.8125,5303.8125,13780238655.0,BTC-USD
2019-04-19,5304.16064453125,5358.49072265625,5295.8779296875,5337.88623046875,5337.88623046875,13169647522.0,BTC-USD
2019-04-20,5335.87890625,5359.9248046875,5257.33935546875,5314.53125,5314.53125,13731844222.0,BTC-USD
2019-04-21,5312.49462890625,5422.6875,5280.27685546875,5399.365234375,5399.365234375,14601631647.0,BTC-USD
2019-04-22,5399.36572265625,5633.80224609375,5389.40869140625,5572.36181640625,5572.36181640625,15867308107.0,BTC-USD
2019-04-23,5571.50830078125,5642.04443359375,5418.26318359375,5464.86669921875,5464.86669921875,17048033399.0,BTC-USD
2019-04-24,5466.5244140625,5542.23828125,5181.3388671875,5210.515625,5210.515625,15330283408.0,BTC-USD
2019-04-25,5210.3046875,5383.63427734375,5177.36865234375,5279.34814453125,5279.34814453125,16812108039.0,BTC-USD
2019-04-26,5279.47119140625,5310.75,5233.6357421875,5268.291015625,5268.291015625,13111274675.0,BTC-USD
2019-04-27,5271.74658203125,5326.23193359375,5255.68359375,5285.13916015625,5285.13916015625,12819992055.0,BTC-USD
2019-04-28,5284.8583984375,5311.27490234375,5216.48779296875,5247.3525390625,5247.3525390625,13735490672.0,BTC-USD
2019-04-29,5247.72607421875,5363.25732421875,5224.18994140625,5350.7265625,5350.7265625,13878964573.0,BTC-USD
2019-04-30,5350.91455078125,5418.00390625,5347.64599609375,5402.697265625,5402.697265625,13679528236.0,BTC-USD
2019-05-01,5402.4228515625,5522.2626953125,5394.21728515625,5505.28369140625,5505.28369140625,14644460907.0,BTC-USD
2019-05-02,5505.55224609375,5865.8818359375,5490.20166015625,5768.28955078125,5768.28955078125,18720780005.0,BTC-USD
2019-05-03,5769.20263671875,5886.8935546875,5645.46923828125,5831.16748046875,5831.16748046875,17567780765.0,BTC-USD
2019-05-04,5831.068359375,5833.86279296875,5708.03515625,5795.70849609375,5795.70849609375,14808830722.0,BTC-USD
2019-05-05,5791.693359375,5802.95751953125,5653.6875,5746.80712890625,5746.80712890625,15737171804.0,BTC-USD
2019-05-06,5745.59912109375,5988.17822265625,5741.39599609375,5829.50146484375,5829.50146484375,18026409032.0,BTC-USD
2019-05-07,5849.4814453125,5989.98095703125,5794.7158203125,5982.45751953125,5982.45751953125,15320605299.0,BTC-USD
2019-05-08,5982.31640625,6183.0390625,5982.31640625,6174.52880859375,6174.52880859375,16784645410.0,BTC-USD
2019-05-09,6175.82275390625,6434.61767578125,6161.51904296875,6378.84912109375,6378.84912109375,19419875367.0,BTC-USD
2019-05-10,6379.6669921875,7333.0029296875,6375.69873046875,7204.771484375,7204.771484375,28867562329.0,BTC-USD
2019-05-11,7203.50732421875,7503.8720703125,6815.77099609375,6972.37158203125,6972.37158203125,27773333679.0,BTC-USD
2019-05-12,6971.17822265625,8047.4130859375,6898.2822265625,7814.9150390625,7814.9150390625,28677672181.0,BTC-USD
2019-05-13,7807.88427734375,8268.712890625,7696.39111328125,7994.416015625,7994.416015625,32031452226.0,BTC-USD
2019-05-14,7989.37451171875,8216.423828125,7899.10693359375,8205.16796875,8205.16796875,28344112919.0,BTC-USD
2019-05-15,8194.5009765625,8320.82421875,7729.6083984375,7884.9091796875,7884.9091796875,33167197581.0,BTC-USD
2019-05-16,7886.92578125,7929.1455078125,7038.12451171875,7343.8955078125,7343.8955078125,30066644905.0,BTC-USD
2019-05-17,7341.66455078125,7447.27197265625,7251.50439453125,7271.2080078125,7271.2080078125,21354286561.0,BTC-USD
2019-05-18,7267.962890625,8261.94140625,7267.962890625,8197.689453125,8197.689453125,25902422039.0,BTC-USD
2019-05-19,8196.923828125,8200.9677734375,7678.78173828125,7978.30908203125,7978.30908203125,23843404339.0,BTC-USD
2019-05-20,7977.96923828125,8062.16796875,7843.33984375,7963.32763671875,7963.32763671875,25127245056.0,BTC-USD
2019-05-21,7956.2919921875,7997.6123046875,7615.9873046875,7680.06640625,7680.06640625,24719473174.0,BTC-USD
2019-05-22,7677.26904296875,7943.79150390625,7533.19677734375,7881.8466796875,7881.8466796875,24457107820.0,BTC-USD
2019-05-23,7881.6953125,8140.7197265625,7824.44873046875,7987.37158203125,7987.37158203125,25919126990.0,BTC-USD
2019-05-24,7991.88525390625,8117.92578125,7965.97607421875,8052.5439453125,8052.5439453125,22256813106.0,BTC-USD
2019-05-25,8055.2060546875,8687.5205078125,7924.67041015625,8673.2158203125,8673.2158203125,26677970091.0,BTC-USD
2019-05-26,8674.072265625,8907.1748046875,8668.705078125,8805.7783203125,8805.7783203125,27949839563.0,BTC-USD
2019-05-27,8802.7578125,8807.0166015625,8634.7216796875,8719.9619140625,8719.9619140625,24226919266.0,BTC-USD
2019-05-28,8718.591796875,8755.8525390625,8482.728515625,8659.4873046875,8659.4873046875,23473479966.0,BTC-USD
2019-05-29,8661.7607421875,9008.314453125,8221.2734375,8319.47265625,8319.47265625,29246528551.0,BTC-USD
2019-05-30,8320.2861328125,8586.6591796875,8172.55078125,8574.501953125,8574.501953125,25365190957.0,BTC-USD
2019-05-31,8573.83984375,8625.6005859375,8481.578125,8564.0166015625,8564.0166015625,22488303543.0,BTC-USD
2019-06-01,8565.4736328125,8809.3037109375,8561.2353515625,8742.9580078125,8742.9580078125,20266216022.0,BTC-USD
2019-06-02,8741.7470703125,8743.5,8204.185546875,8208.9951171875,8208.9951171875,22004511436.0,BTC-USD
2019-06-03,8210.9853515625,8210.9853515625,7564.48876953125,7707.77099609375,7707.77099609375,24609731548.0,BTC-USD
2019-06-04,7704.34326171875,7901.84912109375,7668.66845703125,7824.2314453125,7824.2314453125,21760923463.0,BTC-USD
2019-06-05,7819.63330078125,7937.3408203125,7571.47119140625,7822.0234375,7822.0234375,19474611077.0,BTC-USD
2019-06-06,7826.9013671875,8126.1533203125,7788.37353515625,8043.951171875,8043.951171875,19141423230.0,BTC-USD
2019-06-07,8036.77490234375,8076.89111328125,7837.61083984375,7954.1279296875,7954.1279296875,16522722809.0,BTC-USD
2019-06-08,7949.6748046875,7975.97412109375,7583.2197265625,7688.0771484375,7688.0771484375,16610726547.0,BTC-USD
2019-06-09,7692.28466796875,8031.90966796875,7586.73095703125,8000.32958984375,8000.32958984375,18689275117.0,BTC-USD
2019-06-10,8004.24365234375,8026.39404296875,7772.8037109375,7927.71435546875,7927.71435546875,17107279931.0,BTC-USD
2019-06-11,7925.43408203125,8196.6484375,7862.35986328125,8145.857421875,8145.857421875,19034432883.0,BTC-USD
2019-06-12,8145.54541015625,8311.5673828125,8087.06103515625,8230.923828125,8230.923828125,18669407147.0,BTC-USD
2019-06-13,8230.8984375,8710.63671875,8183.39306640625,8693.8330078125,8693.8330078125,19831162905.0,BTC-USD
2019-06-14,8689.74609375,8859.1279296875,8618.3955078125,8838.375,8838.375,18371033226.0,BTC-USD
2019-06-15,8841.4404296875,9335.8671875,8814.556640625,8994.48828125,8994.48828125,23348550310.0,BTC-USD
2019-06-16,8988.923828125,9416.4072265625,8988.923828125,9320.3525390625,9320.3525390625,15562951918.0,BTC-USD
2019-06-17,9335.466796875,9348.3740234375,9004.9013671875,9081.7626953125,9081.7626953125,15848210535.0,BTC-USD
2019-06-18,9078.7275390625,9299.62109375,9070.3955078125,9273.521484375,9273.521484375,15546809946.0,BTC-USD
2019-06-19,9273.060546875,9594.419921875,9232.484375,9527.16015625,9527.16015625,17846823783.0,BTC-USD
2019-06-20,9525.07421875,10144.556640625,9525.07421875,10144.556640625,10144.556640625,20624008643.0,BTC-USD
2019-06-21,10175.923828125,11157.345703125,10107.03515625,10701.69140625,10701.69140625,29995204860.0,BTC-USD
2019-06-22,10696.69140625,11246.14453125,10556.095703125,10855.37109375,10855.37109375,20998326501.0,BTC-USD
2019-06-23,10853.744140625,11065.896484375,10610.427734375,11011.1025390625,11011.1025390625,19271652364.0,BTC-USD
2019-06-24,11007.2021484375,11790.9169921875,11007.2021484375,11790.9169921875,11790.9169921875,24879684533.0,BTC-USD
2019-06-25,11778.5810546875,13796.4892578125,11755.59765625,13016.2314453125,13016.2314453125,45105733173.0,BTC-USD
2019-06-26,13017.125,13311.14453125,10491.8525390625,11182.806640625,11182.806640625,39977475222.0,BTC-USD
2019-06-27,11162.16796875,12445.1748046875,10914.4951171875,12407.33203125,12407.33203125,35087757765.0,BTC-USD
2019-06-28,12400.763671875,12400.91015625,11508.37890625,11959.37109375,11959.37109375,29923961127.0,BTC-USD
2019-06-29,11931.9912109375,12178.3837890625,10799.0087890625,10817.1552734375,10817.1552734375,27256473494.0,BTC-USD
2019-06-30,10796.9306640625,11206.439453125,10089.314453125,10583.134765625,10583.134765625,29378589324.0,BTC-USD
2019-07-01,10588.68359375,10912.1884765625,9737.884765625,10801.677734375,10801.677734375,31015895222.0,BTC-USD
2019-07-02,10818.15625,11968.078125,10818.15625,11961.26953125,11961.26953125,30796494293.0,BTC-USD
2019-07-03,11972.71875,12006.0751953125,11166.5693359375,11215.4375,11215.4375,25920294033.0,BTC-USD
2019-07-04,11203.1025390625,11395.6611328125,10874.96484375,10978.4599609375,10978.4599609375,23838480210.0,BTC-USD
2019-07-05,10982.5439453125,11620.96484375,10982.5439453125,11208.55078125,11208.55078125,21092024306.0,BTC-USD
2019-07-06,11217.6162109375,11541.6201171875,11148.8046875,11450.8466796875,11450.8466796875,19369044276.0,BTC-USD
2019-07-07,11446.5966796875,12345.8330078125,11393.3740234375,12285.9580078125,12285.9580078125,23482551458.0,BTC-USD
2019-07-08,12284.326171875,12779.1318359375,12233.26171875,12573.8125,12573.8125,28167921522.0,BTC-USD
2019-07-09,12571.537109375,13129.529296875,11710.978515625,12156.5126953125,12156.5126953125,33627574244.0,BTC-USD
2019-07-10,12139.7138671875,12144.623046875,11158.9228515625,11358.662109375,11358.662109375,28595327690.0,BTC-USD
2019-07-11,11354.2998046875,11905.4873046875,11179.14453125,11815.986328125,11815.986328125,23534692796.0,BTC-USD
2019-07-12,11813.126953125,11841.95703125,10908.4794921875,11392.37890625,11392.37890625,21042616383.0,BTC-USD
2019-07-13,11381.0205078125,11451.2041015625,10234.576171875,10256.05859375,10256.05859375,22486000001.0,BTC-USD
2019-07-14,10257.8388671875,11052.7666015625,9992.0068359375,10895.08984375,10895.08984375,25384047206.0,BTC-USD
2019-07-15,10896.6533203125,10996.6328125,9448.1064453125,9477.6416015625,9477.6416015625,24151199069.0,BTC-USD
2019-07-16,9471.2138671875,9963.134765625,9163.134765625,9693.802734375,9693.802734375,24569921548.0,BTC-USD
2019-07-17,9698.5029296875,10736.8427734375,9376.798828125,10666.482421875,10666.482421875,25187024648.0,BTC-USD
2019-07-18,10653.9560546875,10716.98046875,10229.62890625,10530.732421875,10530.732421875,20727426309.0,BTC-USD
2019-07-19,10525.8193359375,11048.662109375,10451.2763671875,10767.1396484375,10767.1396484375,20206615154.0,BTC-USD
2019-07-20,10777.529296875,10841.8876953125,10389.599609375,10599.10546875,10599.10546875,17130580467.0,BTC-USD
2019-07-21,10596.9482421875,10651.791015625,10154.921875,10343.1064453125,10343.1064453125,16334414913.0,BTC-USD
2019-07-22,10346.748046875,10346.748046875,9883.5947265625,9900.767578125,9900.767578125,17851916994.0,BTC-USD
2019-07-23,9887.73046875,9908.796875,9614.306640625,9811.92578125,9811.92578125,17398734321.0,BTC-USD
2019-07-24,9809.0966796875,10154.25390625,9773.95703125,9911.841796875,9911.841796875,15821952090.0,BTC-USD
2019-07-25,9913.126953125,9916.517578125,9717.982421875,9870.3037109375,9870.3037109375,14495714483.0,BTC-USD
2019-07-26,9871.1650390625,10167.3203125,9411.521484375,9477.677734375,9477.677734375,16817809536.0,BTC-USD
2019-07-27,9491.626953125,9575.544921875,9252.296875,9552.8603515625,9552.8603515625,13738687092.0,BTC-USD
2019-07-28,9548.1787109375,9681.6484375,9472.9482421875,9519.1455078125,9519.1455078125,13791445323.0,BTC-USD
2019-07-29,9522.3291015625,9701.759765625,9437.3359375,9607.423828125,9607.423828125,13829811132.0,BTC-USD
2019-07-30,9604.05078125,10085.6279296875,9598.09765625,10085.6279296875,10085.6279296875,16631520647.0,BTC-USD
2019-07-31,10077.4423828125,10446.919921875,9922.01953125,10399.6689453125,10399.6689453125,17165337857.0,BTC-USD
2019-08-01,10402.04296875,10657.953125,10371.013671875,10518.1748046875,10518.1748046875,17489094081.0,BTC-USD
2019-08-02,10519.2783203125,10946.78125,10503.5048828125,10821.7265625,10821.7265625,15352685060.0,BTC-USD
2019-08-03,10821.6328125,11009.20703125,10620.2783203125,10970.1845703125,10970.1845703125,16530894786.0,BTC-USD
2019-08-04,10960.7353515625,11895.091796875,10960.7353515625,11805.6533203125,11805.6533203125,23875988832.0,BTC-USD
2019-08-05,11811.544921875,12273.8212890625,11290.7314453125,11478.1689453125,11478.1689453125,23635107659.0,BTC-USD
2019-08-06,11476.193359375,12036.990234375,11433.701171875,11941.96875,11941.96875,22194988641.0,BTC-USD
2019-08-07,11954.0400390625,11979.419921875,11556.16796875,11966.4072265625,11966.4072265625,19481591729.0,BTC-USD
2019-08-08,11953.4697265625,11970.4580078125,11709.7451171875,11862.9365234375,11862.9365234375,18339989959.0,BTC-USD
2019-08-09,11861.556640625,11915.6552734375,11323.8984375,11354.0244140625,11354.0244140625,18125355447.0,BTC-USD
2019-08-10,11349.740234375,11523.5791015625,11248.294921875,11523.5791015625,11523.5791015625,15774371517.0,BTC-USD
2019-08-11,11528.189453125,11528.189453125,11320.951171875,11382.6162109375,11382.6162109375,13647198229.0,BTC-USD
2019-08-12,11385.052734375,11420.0498046875,10830.3271484375,10895.830078125,10895.830078125,16681503536.0,BTC-USD
2019-08-13,10889.4873046875,10889.556640625,10028.1357421875,10051.7041015625,10051.7041015625,19990838299.0,BTC-USD
2019-08-14,10038.421875,10437.4111328125,9675.31640625,10311.5458984375,10311.5458984375,22899115082.0,BTC-USD
2019-08-15,10319.419921875,10524.349609375,9855.478515625,10374.3388671875,10374.3388671875,20228207096.0,BTC-USD
2019-08-16,10358.72265625,10452.625,10086.6982421875,10231.744140625,10231.744140625,13778035685.0,BTC-USD
2019-08-17,10233.005859375,10487.0703125,10119.0947265625,10345.810546875,10345.810546875,12999813869.0,BTC-USD
2019-08-18,10350.283203125,10916.0537109375,10313.2041015625,10916.0537109375,10916.0537109375,16038264603.0,BTC-USD
2019-08-19,10916.3466796875,10947.0419921875,10618.9609375,10763.232421875,10763.232421875,15053082175.0,BTC-USD
2019-08-20,10764.572265625,10798.7294921875,9962.7216796875,10138.0498046875,10138.0498046875,19473084767.0,BTC-USD
2019-08-21,10142.521484375,10232.99609375,9831.462890625,10131.0556640625,10131.0556640625,17097508856.0,BTC-USD
2019-08-22,10136.3095703125,10442.443359375,10078.1923828125,10407.96484375,10407.96484375,15627023886.0,BTC-USD
2019-08-23,10407.64453125,10418.0205078125,9982.296875,10159.9609375,10159.9609375,15451030650.0,BTC-USD
2019-08-24,10160.7373046875,10304.6220703125,10008.7890625,10138.517578125,10138.517578125,14153856609.0,BTC-USD
2019-08-25,10126.2998046875,10512.328125,10126.2998046875,10370.8203125,10370.8203125,18438654079.0,BTC-USD
2019-08-26,10372.826171875,10381.328125,10087.30078125,10185.5,10185.5,14762609502.0,BTC-USD
2019-08-27,10203.4267578125,10279.3662109375,9716.65625,9754.4228515625,9754.4228515625,17603790323.0,BTC-USD
2019-08-28,9756.7861328125,9756.7861328125,9421.6298828125,9510.2001953125,9510.2001953125,17045878500.0,BTC-USD
2019-08-29,9514.8447265625,9656.1240234375,9428.302734375,9598.173828125,9598.173828125,13595263986.0,BTC-USD
2019-08-30,9597.5390625,9673.220703125,9531.7998046875,9630.6640625,9630.6640625,11454806419.0,BTC-USD
2019-08-31,9630.5927734375,9796.755859375,9582.9443359375,9757.970703125,9757.970703125,11445355859.0,BTC-USD
2019-09-01,9757.4736328125,10396.591796875,9730.650390625,10346.7607421875,10346.7607421875,17248102293.0,BTC-USD
2019-09-02,10345.7255859375,10736.1044921875,10308.5478515625,10623.5400390625,10623.5400390625,19384917988.0,BTC-USD
2019-09-03,10621.1806640625,10762.64453125,10434.7099609375,10594.4931640625,10594.4931640625,16742664768.0,BTC-USD
2019-09-04,10588.18359375,10627.26953125,10516.41796875,10575.533203125,10575.533203125,14551239507.0,BTC-USD
2019-09-05,10578.1982421875,10898.76171875,10292.2998046875,10353.302734375,10353.302734375,19536574782.0,BTC-USD
2019-09-06,10353.931640625,10558.673828125,10348.9189453125,10517.2548828125,10517.2548828125,15307366476.0,BTC-USD
2019-09-07,10518.1142578125,10595.6376953125,10409.0908203125,10441.2763671875,10441.2763671875,13670567492.0,BTC-USD
2019-09-08,10443.228515625,10450.3115234375,10144.9296875,10334.974609375,10334.974609375,17595943367.0,BTC-USD
2019-09-09,10336.408203125,10394.353515625,10020.5732421875,10115.9755859375,10115.9755859375,14906809639.0,BTC-USD
2019-09-10,10123.03515625,10215.9482421875,9980.7763671875,10178.3720703125,10178.3720703125,15428063426.0,BTC-USD
2019-09-11,10176.8193359375,10442.25390625,10099.2421875,10410.126953125,10410.126953125,15323563925.0,BTC-USD
2019-09-12,10415.3623046875,10441.4892578125,10226.5966796875,10360.546875,10360.546875,14109864674.0,BTC-USD
2019-09-13,10345.4033203125,10422.1337890625,10291.6943359375,10358.048828125,10358.048828125,13468713124.0,BTC-USD
2019-09-14,10356.4658203125,10387.03515625,10313.0927734375,10347.712890625,10347.712890625,12043433567.0,BTC-USD
2019-09-15,10347.22265625,10386.8671875,10189.744140625,10276.7939453125,10276.7939453125,15160167778.0,BTC-USD
2019-09-16,10281.513671875,10296.771484375,10199.7392578125,10241.2724609375,10241.2724609375,15304603363.0,BTC-USD
2019-09-17,10247.7958984375,10275.9287109375,10191.4697265625,10198.248046875,10198.248046875,16169268880.0,BTC-USD
2019-09-18,10200.49609375,10295.6689453125,9851.6923828125,10266.4150390625,10266.4150390625,19937691247.0,BTC-USD
2019-09-19,10266.318359375,10285.8720703125,10132.1865234375,10181.6416015625,10181.6416015625,14734189639.0,BTC-USD
2019-09-20,10183.6484375,10188.09765625,10000.7080078125,10019.716796875,10019.716796875,13425266806.0,BTC-USD
2019-09-21,10024.115234375,10074.4443359375,9922.533203125,10070.392578125,10070.392578125,13199651698.0,BTC-USD
2019-09-22,10067.962890625,10074.23828125,9727.1435546875,9729.32421875,9729.32421875,15144925408.0,BTC-USD
2019-09-23,9729.3212890625,9804.3173828125,8370.8017578125,8620.56640625,8620.56640625,25002886688.0,BTC-USD
2019-09-24,8603.4287109375,8744.828125,8325.396484375,8486.9931640625,8486.9931640625,21744728352.0,BTC-USD
2019-09-25,8487.669921875,8515.685546875,7895.62939453125,8118.9677734375,8118.9677734375,19258205289.0,BTC-USD
2019-09-26,8113.10107421875,8271.5205078125,7965.9228515625,8251.845703125,8251.845703125,16408941155.0,BTC-USD
2019-09-27,8251.2734375,8285.6171875,8125.431640625,8245.9150390625,8245.9150390625,14141152736.0,BTC-USD
2019-09-28,8246.037109375,8261.70703125,7990.4970703125,8104.185546875,8104.185546875,13034629108.0,BTC-USD
2019-09-29,8104.2265625,8314.2314453125,7830.7587890625,8293.8681640625,8293.8681640625,17115474183.0,BTC-USD
2019-09-30,8299.720703125,8497.6923828125,8232.6796875,8343.2763671875,8343.2763671875,15305343412.0,BTC-USD
2019-10-01,8344.212890625,8393.0419921875,8227.6953125,8393.0419921875,8393.0419921875,13125712442.0,BTC-USD
2019-10-02,8390.7744140625,8414.2275390625,8146.43701171875,8259.9921875,8259.9921875,13668823409.0,BTC-USD
2019-10-03,8259.494140625,8260.0556640625,8151.23681640625,8205.939453125,8205.939453125,13139456229.0,BTC-USD
2019-10-04,8210.1494140625,8215.5263671875,8071.12060546875,8151.50048828125,8151.50048828125,12200497197.0,BTC-USD
2019-10-05,8149.876953125,8161.41015625,7958.8505859375,7988.15576171875,7988.15576171875,13160830305.0,BTC-USD
2019-10-06,7989.12060546875,8308.4501953125,7905.76611328125,8245.623046875,8245.623046875,18009742607.0,BTC-USD
2019-10-07,8246.849609375,8332.71484375,8185.76318359375,8228.783203125,8228.783203125,15592264032.0,BTC-USD
2019-10-08,8229.8408203125,8627.7060546875,8169.298828125,8595.740234375,8595.740234375,19384942333.0,BTC-USD
2019-10-09,8585.2802734375,8625.2724609375,8471.93359375,8586.4736328125,8586.4736328125,17618660671.0,BTC-USD
2019-10-10,8585.2626953125,8721.7802734375,8316.181640625,8321.7568359375,8321.7568359375,19604381101.0,BTC-USD
2019-10-11,8315.6650390625,8415.2421875,8313.3408203125,8336.5556640625,8336.5556640625,14532641604.0,BTC-USD
2019-10-12,8336.90234375,8470.98828125,8276.6123046875,8321.005859375,8321.005859375,13808286058.0,BTC-USD
2019-10-13,8320.83203125,8390.208984375,8284.130859375,8374.6865234375,8374.6865234375,15151387859.0,BTC-USD
2019-10-14,8373.4580078125,8410.71484375,8182.70654296875,8205.369140625,8205.369140625,15220412631.0,BTC-USD
2019-10-15,8204.6748046875,8216.8125,7985.08984375,8047.52685546875,8047.52685546875,16071646995.0,BTC-USD
2019-10-16,8047.8125,8134.83154296875,8000.94287109375,8103.9111328125,8103.9111328125,14313052244.0,BTC-USD
2019-10-17,8100.93359375,8138.41357421875,7902.1640625,7973.20751953125,7973.20751953125,15651592610.0,BTC-USD
2019-10-18,7973.8037109375,8082.62939453125,7944.77685546875,7988.560546875,7988.560546875,13797825640.0,BTC-USD
2019-10-19,7997.80712890625,8281.818359375,7949.439453125,8222.078125,8222.078125,15504249442.0,BTC-USD
2019-10-20,8225.115234375,8296.6943359375,8196.416015625,8243.720703125,8243.720703125,15868748865.0,BTC-USD
2019-10-21,8243.40234375,8296.6513671875,8074.462890625,8078.203125,8078.203125,16803377856.0,BTC-USD
2019-10-22,8076.228515625,8092.99951171875,7469.32275390625,7514.671875,7514.671875,21942878957.0,BTC-USD
2019-10-23,7509.72802734375,7532.86767578125,7446.98876953125,7493.48876953125,7493.48876953125,16268708848.0,BTC-USD
2019-10-24,7490.703125,8691.5400390625,7479.984375,8660.7001953125,8660.7001953125,28705065488.0,BTC-USD
2019-10-25,8667.5771484375,10021.744140625,8662.6220703125,9244.97265625,9244.97265625,44496255608.0,BTC-USD
2019-10-26,9241.70703125,9749.529296875,9112.5419921875,9551.71484375,9551.71484375,32593129500.0,BTC-USD
2019-10-28,9565.1015625,9805.1181640625,9256.1484375,9256.1484375,9256.1484375,30948255331.0,BTC-USD
2019-10-29,9248.4404296875,9516.1806640625,9232.6484375,9427.6875,9427.6875,28426779937.0,BTC-USD
2019-10-30,9422.462890625,9426.8740234375,9085.3701171875,9205.7265625,9205.7265625,27706531577.0,BTC-USD
2019-10-31,9202.4580078125,9383.1611328125,9028.7177734375,9199.5849609375,9199.5849609375,26583653946.0,BTC-USD
2019-11-01,9193.9921875,9275.6572265625,9132.0478515625,9261.1044921875,9261.1044921875,24324691031.0,BTC-USD
2019-11-02,9259.783203125,9377.486328125,9249.587890625,9324.7177734375,9324.7177734375,21242676385.0,BTC-USD
2019-11-03,9324.787109375,9379.806640625,9141.251953125,9235.3544921875,9235.3544921875,21132220847.0,BTC-USD
2019-11-04,9235.607421875,9505.0517578125,9191.4853515625,9412.6123046875,9412.6123046875,26170255634.0,BTC-USD
2019-11-05,9413.0048828125,9457.41796875,9256.931640625,9342.52734375,9342.52734375,26198609047.0,BTC-USD
2019-11-06,9340.8642578125,9423.2373046875,9305.9091796875,9360.8798828125,9360.8798828125,23133895764.0,BTC-USD
2019-11-07,9352.3935546875,9368.4765625,9202.353515625,9267.5615234375,9267.5615234375,22700383838.0,BTC-USD
2019-11-08,9265.3681640625,9272.759765625,8775.5341796875,8804.880859375,8804.880859375,24333037836.0,BTC-USD
2019-11-09,8809.46875,8891.818359375,8793.1630859375,8813.58203125,8813.58203125,17578630605.0,BTC-USD
2019-11-10,8812.4892578125,9103.826171875,8806.162109375,9055.5263671875,9055.5263671875,20587919881.0,BTC-USD
2019-11-11,9056.91796875,9081.279296875,8700.6083984375,8757.7880859375,8757.7880859375,20265510765.0,BTC-USD
2019-11-12,8759.751953125,8853.7685546875,8685.427734375,8815.662109375,8815.662109375,20309769107.0,BTC-USD
2019-11-13,8812.033203125,8836.841796875,8761.6513671875,8808.2626953125,8808.2626953125,17545755404.0,BTC-USD
2019-11-14,8811.9365234375,8826.943359375,8692.5517578125,8708.0947265625,8708.0947265625,19084739974.0,BTC-USD
2019-11-15,8705.7080078125,8730.873046875,8484.84375,8491.9921875,8491.9921875,21796856471.0,BTC-USD
2019-11-16,8491.166015625,8591.9970703125,8473.9736328125,8550.7607421875,8550.7607421875,16495389808.0,BTC-USD
2019-11-17,8549.470703125,8727.7890625,8500.9677734375,8577.9755859375,8577.9755859375,18668638896.0,BTC-USD
2019-11-18,8573.98046875,8653.2802734375,8273.5732421875,8309.2861328125,8309.2861328125,21579470673.0,BTC-USD
2019-11-19,8305.134765625,8408.5166015625,8099.96337890625,8206.1455078125,8206.1455078125,21083613815.0,BTC-USD
2019-11-20,8203.61328125,8237.240234375,8010.51171875,8027.26806640625,8027.26806640625,20764300436.0,BTC-USD
2019-11-21,8023.64453125,8110.09814453125,7597.3818359375,7642.75,7642.75,22514243371.0,BTC-USD
2019-11-22,7643.5693359375,7697.3828125,6936.70654296875,7296.57763671875,7296.57763671875,34242315784.0,BTC-USD
2019-11-23,7296.16455078125,7442.2587890625,7151.41796875,7397.796875,7397.796875,21008924417.0,BTC-USD
2019-11-24,7398.6337890625,7408.5771484375,7029.2890625,7047.9169921875,7047.9169921875,30433517289.0,BTC-USD
2019-11-25,7039.97705078125,7319.85693359375,6617.1669921875,7146.1337890625,7146.1337890625,42685231261.0,BTC-USD
2019-11-26,7145.1591796875,7320.23046875,7098.572265625,7218.37109375,7218.37109375,21129505542.0,BTC-USD
2019-11-27,7220.880859375,7619.693359375,6974.17431640625,7531.66357421875,7531.66357421875,23991412764.0,BTC-USD
2019-11-28,7536.8203125,7730.07275390625,7454.12158203125,7463.10595703125,7463.10595703125,19050116751.0,BTC-USD
2019-11-29,7466.72705078125,7781.1796875,7460.75634765625,7761.24365234375,7761.24365234375,19709695455.0,BTC-USD
2019-11-30,7764.05712890625,7836.10205078125,7515.849609375,7569.6298828125,7569.6298828125,17158194786.0,BTC-USD
2019-12-01,7571.6162109375,7571.6162109375,7291.341796875,7424.29248046875,7424.29248046875,18720708479.0,BTC-USD
2019-12-02,7424.0361328125,7474.81884765625,7233.3994140625,7321.98828125,7321.98828125,17082040705.0,BTC-USD
2019-12-03,7323.9755859375,7418.85888671875,7229.35693359375,7320.1455078125,7320.1455078125,14797485769.0,BTC-USD
2019-12-04,7320.125,7539.78466796875,7170.9228515625,7252.03466796875,7252.03466796875,21664240918.0,BTC-USD
2019-12-05,7253.24169921875,7743.431640625,7232.6767578125,7448.3076171875,7448.3076171875,18816085231.0,BTC-USD
2019-12-06,7450.5615234375,7546.99658203125,7392.17529296875,7546.99658203125,7546.99658203125,18104466306.0,BTC-USD
2019-12-07,7547.265625,7589.95166015625,7525.71142578125,7556.23779296875,7556.23779296875,15453520564.0,BTC-USD
2019-12-08,7551.3388671875,7634.6064453125,7476.09130859375,7564.34521484375,7564.34521484375,15409908086.0,BTC-USD
2019-12-09,7561.79541015625,7618.091796875,7365.9853515625,7400.8994140625,7400.8994140625,17872021272.0,BTC-USD
2019-12-10,7397.13427734375,7424.02294921875,7246.0439453125,7278.11962890625,7278.11962890625,18249031194.0,BTC-USD
2019-12-11,7277.19775390625,7324.15625,7195.52734375,7217.42724609375,7217.42724609375,16350490689.0,BTC-USD
2019-12-12,7216.73876953125,7266.6396484375,7164.7412109375,7243.13427734375,7243.13427734375,18927080224.0,BTC-USD
2019-12-13,7244.662109375,7293.560546875,7227.12255859375,7269.6845703125,7269.6845703125,17125736940.0,BTC-USD
2019-12-14,7268.90283203125,7308.83642578125,7097.208984375,7124.673828125,7124.673828125,17137029729.0,BTC-USD
2019-12-15,7124.23974609375,7181.07568359375,6924.3759765625,7152.3017578125,7152.3017578125,16881129804.0,BTC-USD
2019-12-16,7153.6630859375,7171.1689453125,6903.6826171875,6932.48046875,6932.48046875,20213265949.0,BTC-USD
2019-12-17,6931.3154296875,6964.0751953125,6587.97412109375,6640.51513671875,6640.51513671875,22363804217.0,BTC-USD
2019-12-18,6647.6982421875,7324.98486328125,6540.04931640625,7276.802734375,7276.802734375,31836522778.0,BTC-USD
2019-12-19,7277.5908203125,7346.6025390625,7041.3818359375,7202.84423828125,7202.84423828125,25904604415.0,BTC-USD
2019-12-20,7208.63671875,7257.921875,7086.1240234375,7218.81640625,7218.81640625,22633815180.0,BTC-USD
2019-12-21,7220.59375,7223.22607421875,7112.73583984375,7191.15869140625,7191.15869140625,19312552168.0,BTC-USD
2019-12-22,7191.1884765625,7518.033203125,7167.17919921875,7511.5888671875,7511.5888671875,23134537956.0,BTC-USD
2019-12-23,7508.90234375,7656.17626953125,7326.1923828125,7355.62841796875,7355.62841796875,27831788041.0,BTC-USD
2019-12-24,7354.39306640625,7535.716796875,7269.52880859375,7322.5322265625,7322.5322265625,22991622105.0,BTC-USD
2019-12-25,7325.755859375,7357.02001953125,7220.9912109375,7275.15576171875,7275.15576171875,21559505148.0,BTC-USD
2019-12-26,7274.79931640625,7388.302734375,7200.38671875,7238.966796875,7238.966796875,22787010034.0,BTC-USD
2019-12-27,7238.14111328125,7363.529296875,7189.93408203125,7290.08837890625,7290.08837890625,22777360995.0,BTC-USD
2019-12-28,7289.03125,7399.041015625,7286.9052734375,7317.990234375,7317.990234375,21365673026.0,BTC-USD
2019-12-29,7317.6474609375,7513.9482421875,7279.865234375,7422.65283203125,7422.65283203125,22445257701.0,BTC-USD
2019-12-30,7420.27294921875,7454.82421875,7276.30810546875,7292.9951171875,7292.9951171875,22874131671.0,BTC-USD
2019-12-31,7294.43896484375,7335.2900390625,7169.77783203125,7193.59912109375,7193.59912109375,21167946112.0,BTC-USD
2020-01-01,7194.89208984375,7254.33056640625,7174.9443359375,7200.17431640625,7200.17431640625,18565664996.0,BTC-USD
2020-01-02,7202.55126953125,7212.1552734375,6935.27001953125,6985.47021484375,6985.47021484375,20802083465.0,BTC-USD
2020-01-03,6984.4287109375,7413.71533203125,6914.99609375,7344.88427734375,7344.88427734375,28111481031.0,BTC-USD
2020-01-04,7345.37548828125,7427.3857421875,7309.51416015625,7410.65673828125,7410.65673828125,18444271274.0,BTC-USD
2020-01-05,7410.45166015625,7544.4970703125,7400.53564453125,7411.3173828125,7411.3173828125,19725074094.0,BTC-USD
2020-01-06,7410.4521484375,7781.8671875,7409.29296875,7769.21923828125,7769.21923828125,23276261598.0,BTC-USD
2020-01-07,7768.68212890625,8178.2158203125,7768.2275390625,8163.6923828125,8163.6923828125,28767291326.0,BTC-USD
2020-01-08,8161.935546875,8396.73828125,7956.7744140625,8079.86279296875,8079.86279296875,31672559264.0,BTC-USD
2020-01-09,8082.2958984375,8082.2958984375,7842.40380859375,7879.0712890625,7879.0712890625,24045990465.0,BTC-USD
2020-01-10,7878.3076171875,8166.55419921875,7726.77490234375,8166.55419921875,8166.55419921875,28714583843.0,BTC-USD
2020-01-11,8162.19091796875,8218.359375,8029.64208984375,8037.53759765625,8037.53759765625,25521165085.0,BTC-USD
2020-01-12,8033.26171875,8200.0634765625,8009.05908203125,8192.494140625,8192.494140625,22903438381.0,BTC-USD
2020-01-13,8189.77197265625,8197.7880859375,8079.70068359375,8144.1943359375,8144.1943359375,22482910687.0,BTC-USD
2020-01-14,8140.93310546875,8879.51171875,8140.93310546875,8827.7646484375,8827.7646484375,44841784107.0,BTC-USD
2020-01-15,8825.34375,8890.1171875,8657.1875,8807.0107421875,8807.0107421875,40102834649.0,BTC-USD
2020-01-16,8812.4814453125,8846.4609375,8612.095703125,8723.7861328125,8723.7861328125,31313981930.0,BTC-USD
2020-01-17,8725.2099609375,8958.1220703125,8677.31640625,8929.0380859375,8929.0380859375,36372139320.0,BTC-USD
2020-01-18,8927.2119140625,9012.1982421875,8827.33203125,8942.80859375,8942.80859375,32337772626.0,BTC-USD
2020-01-19,8941.4453125,9164.3623046875,8620.080078125,8706.2451171875,8706.2451171875,34217320471.0,BTC-USD
2020-01-20,8704.6318359375,8745.5908203125,8560.4736328125,8657.642578125,8657.642578125,26422375678.0,BTC-USD
2020-01-21,8658.9912109375,8755.7060546875,8544.5205078125,8745.89453125,8745.89453125,24097418512.0,BTC-USD
2020-01-22,8744.2109375,8792.994140625,8636.7470703125,8680.8759765625,8680.8759765625,22600204050.0,BTC-USD
2020-01-23,8680.650390625,8687.7470703125,8333.6376953125,8406.515625,8406.515625,25770680778.0,BTC-USD
2020-01-24,8405.5673828125,8514.6669921875,8266.8408203125,8445.4345703125,8445.4345703125,24397913025.0,BTC-USD
2020-01-25,8440.119140625,8458.453125,8296.21875,8367.84765625,8367.84765625,19647331548.0,BTC-USD
2020-01-26,8364.41015625,8602.4013671875,8325.498046875,8596.830078125,8596.830078125,22177678795.0,BTC-USD
2020-01-27,8597.30859375,8977.7265625,8597.30859375,8909.8193359375,8909.8193359375,28647338393.0,BTC-USD
2020-01-28,8912.5244140625,9358.58984375,8908.447265625,9358.58984375,9358.58984375,34398744402.0,BTC-USD
2020-01-29,9357.470703125,9406.431640625,9269.4677734375,9316.6298828125,9316.6298828125,30682598115.0,BTC-USD
2020-01-30,9316.0166015625,9553.1259765625,9230.8974609375,9508.9931640625,9508.9931640625,32378792850.0,BTC-USD
2020-01-31,9508.3134765625,9521.7060546875,9230.7763671875,9350.529296875,9350.529296875,29432489719.0,BTC-USD
2020-02-01,9346.357421875,9439.3232421875,9313.2392578125,9392.875,9392.875,25922656496.0,BTC-USD
2020-02-02,9389.8203125,9468.7978515625,9217.82421875,9344.365234375,9344.365234375,30835736946.0,BTC-USD
2020-02-03,9344.68359375,9540.3720703125,9248.6337890625,9293.521484375,9293.521484375,30934096508.0,BTC-USD
2020-02-04,9292.841796875,9331.265625,9112.8115234375,9180.962890625,9180.962890625,29893183716.0,BTC-USD
2020-02-05,9183.416015625,9701.2998046875,9163.7041015625,9613.423828125,9613.423828125,35222060874.0,BTC-USD
2020-02-06,9617.8212890625,9824.619140625,9539.818359375,9729.8017578125,9729.8017578125,37628823715.0,BTC-USD
2020-02-07,9726.0029296875,9834.716796875,9726.0029296875,9795.943359375,9795.943359375,34522718159.0,BTC-USD
2020-02-08,9793.0703125,9876.7490234375,9678.91015625,9865.119140625,9865.119140625,35172043761.0,BTC-USD
2020-02-09,9863.89453125,10129.435546875,9850.392578125,10116.673828125,10116.673828125,35807884663.0,BTC-USD
2020-02-10,10115.5595703125,10165.765625,9784.5634765625,9856.611328125,9856.611328125,39386548074.0,BTC-USD
2020-02-11,9855.8916015625,10210.052734375,9729.3349609375,10208.236328125,10208.236328125,37648059388.0,BTC-USD
2020-02-12,10202.3876953125,10393.611328125,10202.3876953125,10326.0546875,10326.0546875,43444303830.0,BTC-USD
2020-02-13,10323.9609375,10457.626953125,10116.1611328125,10214.3798828125,10214.3798828125,49356071372.0,BTC-USD
2020-02-14,10211.55078125,10321.99609375,10125.5341796875,10312.1162109375,10312.1162109375,43338264161.0,BTC-USD
2020-02-15,10313.8564453125,10341.5556640625,9874.427734375,9889.4248046875,9889.4248046875,43865054831.0,BTC-USD
2020-02-16,9889.1796875,10053.96875,9722.38671875,9934.43359375,9934.43359375,43374780305.0,BTC-USD
2020-02-17,9936.560546875,9938.8154296875,9507.6376953125,9690.142578125,9690.142578125,45998298412.0,BTC-USD
2020-02-18,9691.23046875,10161.935546875,9632.3828125,10141.99609375,10141.99609375,47271023953.0,BTC-USD
2020-02-19,10143.798828125,10191.67578125,9611.2236328125,9633.38671875,9633.38671875,46992019709.0,BTC-USD
2020-02-20,9629.3251953125,9643.216796875,9507.900390625,9608.4755859375,9608.4755859375,44925260236.0,BTC-USD
2020-02-21,9611.7822265625,9723.0146484375,9589.7431640625,9686.44140625,9686.44140625,40930547512.0,BTC-USD
2020-02-22,9687.70703125,9698.2314453125,9600.728515625,9663.181640625,9663.181640625,35838025154.0,BTC-USD
2020-02-23,9663.318359375,9937.404296875,9657.791015625,9924.515625,9924.515625,41185185761.0,BTC-USD
2020-02-24,9921.5830078125,9951.74609375,9537.04296875,9650.1748046875,9650.1748046875,45080496648.0,BTC-USD
2020-02-25,9651.3125,9652.7373046875,9305.021484375,9341.705078125,9341.705078125,42515259129.0,BTC-USD
2020-02-26,9338.2900390625,9354.7783203125,8704.4267578125,8820.5224609375,8820.5224609375,50420050761.0,BTC-USD
2020-02-27,8825.09375,8932.892578125,8577.19921875,8784.494140625,8784.494140625,45470195695.0,BTC-USD
2020-02-28,8788.728515625,8890.4560546875,8492.9326171875,8672.455078125,8672.455078125,44605450442.0,BTC-USD
2020-02-29,8671.212890625,8775.6318359375,8599.5087890625,8599.5087890625,8599.5087890625,35792392544.0,BTC-USD
2020-03-01,8599.7587890625,8726.796875,8471.212890625,8562.4541015625,8562.4541015625,35349164300.0,BTC-USD
2020-03-02,8563.2646484375,8921.30859375,8532.630859375,8869.669921875,8869.669921875,42857674408.0,BTC-USD
2020-03-03,8865.3876953125,8901.5986328125,8704.990234375,8787.7861328125,8787.7861328125,42386715820.0,BTC-USD
2020-03-04,8788.5419921875,8843.3662109375,8712.431640625,8755.24609375,8755.24609375,34746706368.0,BTC-USD
2020-03-05,8760.28515625,9142.0546875,8757.25390625,9078.7626953125,9078.7626953125,39698054597.0,BTC-USD
2020-03-06,9078.30859375,9167.6953125,9032.0791015625,9122.5458984375,9122.5458984375,40826885650.0,BTC-USD
2020-03-07,9121.6005859375,9163.220703125,8890.744140625,8909.9541015625,8909.9541015625,36216930369.0,BTC-USD
2020-03-08,8908.2060546875,8914.34375,8105.2529296875,8108.1162109375,8108.1162109375,39973102120.0,BTC-USD
2020-03-09,8111.146484375,8177.79345703125,7690.09814453125,7923.64453125,7923.64453125,46936995808.0,BTC-USD
2020-03-10,7922.14697265625,8136.9453125,7814.76318359375,7909.7294921875,7909.7294921875,42213940993.0,BTC-USD
2020-03-11,7910.08984375,7950.814453125,7642.8125,7911.43017578125,7911.43017578125,38682762604.0,BTC-USD
2020-03-12,7913.6162109375,7929.1162109375,4860.35400390625,4970.7880859375,4970.7880859375,53980357243.0,BTC-USD
2020-03-13,5017.8310546875,5838.11474609375,4106.98095703125,5563.70703125,5563.70703125,74156772074.0,BTC-USD
2020-03-14,5573.07763671875,5625.2265625,5125.0693359375,5200.3662109375,5200.3662109375,36154506007.0,BTC-USD
2020-03-15,5201.06689453125,5836.64501953125,5169.283203125,5392.31494140625,5392.31494140625,33997889638.0,BTC-USD
2020-03-16,5385.2294921875,5385.2294921875,4575.35791015625,5014.47998046875,5014.47998046875,45368026429.0,BTC-USD
2020-03-17,5002.578125,5371.3486328125,4981.9091796875,5225.62939453125,5225.62939453125,38622642935.0,BTC-USD
2020-03-18,5227.11376953125,5331.833984375,5069.3359375,5238.4384765625,5238.4384765625,37878801016.0,BTC-USD
2020-03-19,5245.41650390625,6329.73583984375,5236.96875,6191.19287109375,6191.19287109375,51000731797.0,BTC-USD
2020-03-20,6191.65380859375,6844.26171875,5865.78173828125,6198.7783203125,6198.7783203125,54442976102.0,BTC-USD
2020-03-21,6206.521484375,6378.13525390625,5932.8232421875,6185.06640625,6185.06640625,42494390879.0,BTC-USD
2020-03-22,6185.55810546875,6359.697265625,5823.7138671875,5830.2548828125,5830.2548828125,40099664740.0,BTC-USD
2020-03-23,5831.37451171875,6443.9345703125,5785.00439453125,6416.31494140625,6416.31494140625,46491915999.0,BTC-USD
2020-03-24,6436.642578125,6789.02294921875,6411.06640625,6734.8037109375,6734.8037109375,48221910672.0,BTC-USD
2020-03-25,6738.716796875,6892.51123046875,6536.92626953125,6681.06298828125,6681.06298828125,44590107887.0,BTC-USD
2020-03-26,6675.1708984375,6735.4638671875,6590.962890625,6716.4404296875,6716.4404296875,35319797641.0,BTC-USD
2020-03-27,6719.38916015625,6793.83642578125,6466.70166015625,6469.79833984375,6469.79833984375,34585598366.0,BTC-USD
2020-03-28,6467.25390625,6467.5009765625,6117.837890625,6242.19384765625,6242.19384765625,34885225901.0,BTC-USD
2020-03-29,6245.62451171875,6250.46728515625,5920.0859375,5922.04296875,5922.04296875,28373690930.0,BTC-USD
2020-03-29,5925.53857421875,6517.19580078125,5903.234375,6429.841796875,6429.841796875,37101651525.0,BTC-USD
2020-03-30,6430.6064453125,6504.51513671875,6374.162109375,6438.64453125,6438.64453125,32786468812.0,BTC-USD
2020-03-31,6437.3193359375,6612.57373046875,6202.37353515625,6606.7763671875,6606.7763671875,40346426265.0,BTC-USD
2020-04-01,6606.7763671875,7088.24755859375,6595.91845703125,6793.62451171875,6793.62451171875,47660646124.0,BTC-USD
2020-04-02,6797.396484375,7003.220703125,6673.3359375,6733.38720703125,6733.38720703125,38976504902.0,BTC-USD
2020-04-03,6738.3828125,6878.95361328125,6696.48486328125,6867.52734375,6867.52734375,33185988583.0,BTC-USD
2020-04-04,6862.53759765625,6883.4140625,6715.92919921875,6791.12939453125,6791.12939453125,29510409856.0,BTC-USD
2020-04-05,6788.0498046875,7271.78125,6782.8896484375,7271.78125,7271.78125,46896904614.0,BTC-USD
2020-04-06,7273.64404296875,7427.939453125,7136.71435546875,7176.41455078125,7176.41455078125,44243482667.0,BTC-USD
2020-04-07,7179.283203125,7356.2236328125,7153.3056640625,7334.0986328125,7334.0986328125,37563249548.0,BTC-USD
2020-04-08,7337.96630859375,7341.4482421875,7179.09423828125,7302.08935546875,7302.08935546875,34815139177.0,BTC-USD
2020-04-09,7303.8154296875,7303.8154296875,6802.47509765625,6865.4931640625,6865.4931640625,43622840991.0,BTC-USD
2020-04-10,6867.4404296875,6926.06982421875,6789.9208984375,6859.0830078125,6859.0830078125,31222085946.0,BTC-USD
2020-04-11,6858.06787109375,7119.947265625,6811.078125,6971.091796875,6971.091796875,35759567632.0,BTC-USD
2020-04-12,6965.61669921875,6965.61669921875,6668.259765625,6845.03759765625,6845.03759765625,38619308647.0,BTC-USD
2020-04-13,6843.28173828125,6958.55712890625,6793.8212890625,6842.427734375,6842.427734375,34110434051.0,BTC-USD
2020-04-14,6845.5615234375,6928.66455078125,6633.40283203125,6642.10986328125,6642.10986328125,32288311030.0,BTC-USD
2020-04-15,6640.4541015625,7134.45068359375,6555.50439453125,7116.80419921875,7116.80419921875,46783242376.0,BTC-USD
2020-04-16,7116.552734375,7167.18310546875,7050.33203125,7096.1845703125,7096.1845703125,32513423567.0,BTC-USD
2020-04-17,7092.29150390625,7269.95654296875,7089.2470703125,7257.6650390625,7257.6650390625,32447188385.0,BTC-USD
2020-04-18,7260.92236328125,7280.52197265625,7167.0546875,7189.4248046875,7189.4248046875,31311210215.0,BTC-USD
2020-04-19,7186.87353515625,7240.29052734375,6835.5029296875,6881.95849609375,6881.95849609375,37747113935.0,BTC-USD
2020-04-20,6879.7841796875,6934.5517578125,6834.4423828125,6880.3232421875,6880.3232421875,32589741510.0,BTC-USD
2020-04-21,6879.4404296875,7145.86572265625,6867.78173828125,7117.20751953125,7117.20751953125,33249153865.0,BTC-USD
2020-04-22,7121.30615234375,7491.78515625,7081.5947265625,7429.724609375,7429.724609375,43500782316.0,BTC-USD
2020-04-23,7434.181640625,7574.19580078125,7434.181640625,7550.90087890625,7550.90087890625,34636526285.0,BTC-USD
2020-04-24,7550.48291015625,7641.36376953125,7521.67236328125,7569.93603515625,7569.93603515625,32941541446.0,BTC-USD
2020-04-25,7570.13916015625,7700.59423828125,7561.40771484375,7679.8671875,7679.8671875,33070154490.0,BTC-USD
2020-04-26,7679.4189453125,7795.60107421875,7679.4189453125,7795.60107421875,7795.60107421875,36162144724.0,BTC-USD
2020-04-27,7796.97021484375,7814.52734375,7730.806640625,7807.05859375,7807.05859375,33187959920.0,BTC-USD
2020-04-28,7806.71240234375,8871.75390625,7786.04931640625,8801.0380859375,8801.0380859375,60201052202.0,BTC-USD
2020-04-29,8797.669921875,9440.650390625,8533.255859375,8658.5537109375,8658.5537109375,66964629541.0,BTC-USD
2020-04-30,8672.7822265625,9048.0234375,8667.763671875,8864.7666015625,8864.7666015625,44068389996.0,BTC-USD
2020-05-01,8869.0576171875,9007.1875,8811.3662109375,8988.5966796875,8988.5966796875,40134388683.0,BTC-USD
2020-05-02,8983.6142578125,9167.78125,8830.9716796875,8897.46875,8897.46875,47101785174.0,BTC-USD
2020-05-03,8895.7451171875,8956.90625,8645.0244140625,8912.654296875,8912.654296875,45718796275.0,BTC-USD
2020-05-04,8912.83203125,9062.4150390625,8856.8271484375,9003.0703125,9003.0703125,43148462663.0,BTC-USD
2020-05-05,9007.44140625,9411.4677734375,8966.7060546875,9268.76171875,9268.76171875,49371886931.0,BTC-USD
2020-05-06,9261.8955078125,9992.6640625,9138.322265625,9951.5185546875,9951.5185546875,61112700562.0,BTC-USD
2020-05-07,9936.162109375,9996.7431640625,9767.1728515625,9842.666015625,9842.666015625,51780748041.0,BTC-USD
2020-05-08,9840.90625,9913.86328125,9580.64453125,9593.896484375,9593.896484375,46566121841.0,BTC-USD
2020-05-09,9591.1689453125,9595.5810546875,8395.107421875,8756.4306640625,8756.4306640625,63325279336.0,BTC-USD
2020-05-10,8755.53515625,9033.470703125,8374.3232421875,8601.7958984375,8601.7958984375,57119858801.0,BTC-USD
2020-05-11,8610.3857421875,8949.8984375,8569.6435546875,8804.4775390625,8804.4775390625,42142717533.0,BTC-USD
2020-05-12,8805.3876953125,9317.87890625,8805.3876953125,9269.9873046875,9269.9873046875,45558144023.0,BTC-USD
2020-05-13,9271.3291015625,9793.2685546875,9255.03515625,9733.7216796875,9733.7216796875,56426907637.0,BTC-USD
2020-05-14,9734.291015625,9755.828125,9261.3984375,9328.197265625,9328.197265625,48158802327.0,BTC-USD
2020-05-15,9333.240234375,9564.205078125,9260.6943359375,9377.013671875,9377.013671875,36164766407.0,BTC-USD
2020-05-16,9374.9296875,9823.001953125,9349.5458984375,9670.7392578125,9670.7392578125,40084250662.0,BTC-USD
2020-05-17,9675.6953125,9906.0302734375,9570.359375,9726.5751953125,9726.5751953125,41827139895.0,BTC-USD
2020-05-18,9727.0634765625,9836.0478515625,9539.6240234375,9729.0380859375,9729.0380859375,39254288954.0,BTC-USD
2020-05-19,9725.3291015625,9804.7939453125,9447.201171875,9522.9814453125,9522.9814453125,36546239702.0,BTC-USD
2020-05-20,9522.740234375,9555.2421875,8869.9306640625,9081.76171875,9081.76171875,39326160532.0,BTC-USD
2020-05-21,9080.3349609375,9232.9365234375,9008.638671875,9182.5771484375,9182.5771484375,29810773699.0,BTC-USD
2020-05-22,9185.0625,9302.501953125,9118.1083984375,9209.287109375,9209.287109375,27727866811.0,BTC-USD
2020-05-23,9212.283203125,9288.404296875,8787.2509765625,8790.3681640625,8790.3681640625,32518803299.0,BTC-USD
2020-05-24,8786.107421875,8951.005859375,8719.66796875,8906.9345703125,8906.9345703125,31288157264.0,BTC-USD
2020-05-25,8909.5859375,8991.9677734375,8757.2939453125,8835.052734375,8835.052734375,29584186947.0,BTC-USD
2020-05-26,8837.380859375,9203.3203125,8834.1572265625,9181.017578125,9181.017578125,32740536902.0,BTC-USD
2020-05-27,9184.9453125,9546.3193359375,9148.45703125,9525.7509765625,9525.7509765625,34367073114.0,BTC-USD
2020-05-28,9528.35546875,9573.6669921875,9379.3388671875,9439.1240234375,9439.1240234375,32896642044.0,BTC-USD
2020-05-29,9438.9140625,9704.0302734375,9366.7294921875,9700.4140625,9700.4140625,32722975141.0,BTC-USD
2020-05-30,9700.10546875,9700.34375,9432.296875,9461.05859375,9461.05859375,27773290298.0,BTC-USD
2020-05-31,9463.60546875,10199.5654296875,9450.8994140625,10167.2685546875,10167.2685546875,35198901068.0,BTC-USD
2020-06-01,10162.9736328125,10182.3408203125,9460.5712890625,9529.8037109375,9529.8037109375,39137252108.0,BTC-USD
2020-06-02,9533.7607421875,9682.859375,9471.8466796875,9656.7177734375,9656.7177734375,25007459262.0,BTC-USD
2020-06-03,9655.8544921875,9887.6103515625,9525.2470703125,9800.63671875,9800.63671875,25921805071.0,BTC-USD
2020-06-04,9800.2158203125,9869.2373046875,9663.216796875,9665.533203125,9665.533203125,23509628646.0,BTC-USD
2020-06-05,9664.904296875,9773.431640625,9591.0244140625,9653.6796875,9653.6796875,20438419222.0,BTC-USD
2020-06-06,9653.0029296875,9768.498046875,9458.150390625,9758.8525390625,9758.8525390625,25015250845.0,BTC-USD
2020-06-07,9760.0634765625,9782.306640625,9675.8857421875,9771.4892578125,9771.4892578125,21486346311.0,BTC-USD
2020-06-08,9774.3603515625,9836.369140625,9664.7197265625,9795.7001953125,9795.7001953125,23717842782.0,BTC-USD
2020-06-09,9794.119140625,9908.896484375,9728.291015625,9870.0947265625,9870.0947265625,25706567600.0,BTC-USD
2020-06-10,9870.078125,9938.2978515625,9263.0693359375,9321.78125,9321.78125,30247143440.0,BTC-USD
2020-06-11,9320.6904296875,9540.4658203125,9285.8515625,9480.84375,9480.84375,22610564515.0,BTC-USD
2020-06-12,9480.7353515625,9493.2119140625,9396.009765625,9475.27734375,9475.27734375,17564322315.0,BTC-USD
2020-06-13,9477.5537109375,9482.2705078125,9347.59375,9386.7880859375,9386.7880859375,18991732745.0,BTC-USD
2020-06-14,9386.03515625,9504.8603515625,8990.17578125,9450.7021484375,9450.7021484375,26699704768.0,BTC-USD
2020-06-15,9454.2666015625,9579.4306640625,9400.4453125,9538.0244140625,9538.0244140625,21565537208.0,BTC-USD
2020-06-16,9533.7841796875,9540.4228515625,9327.33984375,9480.2548828125,9480.2548828125,20177709879.0,BTC-USD
2020-06-17,9481.5673828125,9482.7822265625,9328.3955078125,9411.8408203125,9411.8408203125,17770083002.0,BTC-USD
2020-06-18,9410.2939453125,9440.8759765625,9274.2958984375,9288.0185546875,9288.0185546875,19632223107.0,BTC-USD
2020-06-19,9290.9599609375,9394.9716796875,9247.3798828125,9332.3408203125,9332.3408203125,17130541557.0,BTC-USD
2020-06-20,9330.9267578125,9401.107421875,9300.4306640625,9303.6298828125,9303.6298828125,15324301168.0,BTC-USD
2020-06-21,9300.9150390625,9655.0732421875,9296.8720703125,9648.7177734375,9648.7177734375,21104009513.0,BTC-USD
2020-06-22,9644.076171875,9670.541015625,9547.2470703125,9629.658203125,9629.658203125,17006433272.0,BTC-USD
2020-06-23,9632.1494140625,9680.3671875,9278.2333984375,9313.6103515625,9313.6103515625,18961716075.0,BTC-USD
2020-06-24,9314.126953125,9340.1611328125,9095.32421875,9264.8134765625,9264.8134765625,18616048626.0,BTC-USD
2020-06-25,9260.9951171875,9310.5166015625,9101.73828125,9162.91796875,9162.91796875,18341465836.0,BTC-USD
2020-06-26,9167.82421875,9207.810546875,8998.216796875,9045.390625,9045.390625,17273093144.0,BTC-USD
2020-06-27,9048.4609375,9197.546875,8975.525390625,9143.58203125,9143.58203125,14560870760.0,BTC-USD
2020-06-28,9140.029296875,9237.5732421875,9041.8759765625,9190.8544921875,9190.8544921875,16460547078.0,BTC-USD
2020-06-29,9185.5810546875,9217.8359375,9084.837890625,9137.9931640625,9137.9931640625,15735797743.0,BTC-USD
2020-06-30,9145.9853515625,9309.7548828125,9104.7353515625,9228.3251953125,9228.3251953125,15971550355.0,BTC-USD
2020-07-01,9231.1396484375,9274.962890625,9036.623046875,9123.41015625,9123.41015625,16338916796.0,BTC-USD
2020-07-02,9124.8427734375,9202.3447265625,9058.794921875,9087.3037109375,9087.3037109375,13078970998.0,BTC-USD
2020-07-03,9084.2333984375,9183.2958984375,9053.6298828125,9132.48828125,9132.48828125,12290528515.0,BTC-USD
2020-07-04,9126.0908203125,9162.18359375,8977.015625,9073.9423828125,9073.9423828125,12903406143.0,BTC-USD
2020-07-05,9072.849609375,9375.474609375,9058.6640625,9375.474609375,9375.474609375,17889263251.0,BTC-USD
2020-07-06,9349.1611328125,9360.6171875,9201.8154296875,9252.27734375,9252.27734375,13839652594.0,BTC-USD
2020-07-07,9253.0205078125,9450.3359375,9249.5,9428.3330078125,9428.3330078125,19702359882.0,BTC-USD
2020-07-08,9427.994140625,9431.37890625,9234.9990234375,9277.9677734375,9277.9677734375,18000702524.0,BTC-USD
2020-07-09,9273.357421875,9287.4716796875,9118.001953125,9278.8076171875,9278.8076171875,16860035604.0,BTC-USD
2020-07-10,9277.51171875,9293.5322265625,9199.4853515625,9240.3466796875,9240.3466796875,13249910444.0,BTC-USD
2020-07-11,9241.0546875,9319.4189453125,9197.4501953125,9276.5,9276.5,14452361906.0,BTC-USD
2020-07-12,9277.205078125,9306.4052734375,9224.29296875,9243.6142578125,9243.6142578125,17519821266.0,BTC-USD
2020-07-13,9238.703125,9283.841796875,9171.6611328125,9243.2138671875,9243.2138671875,18085038362.0,BTC-USD
2020-07-14,9241.8974609375,9275.3251953125,9171.93359375,9192.8369140625,9192.8369140625,15844731575.0,BTC-USD
2020-07-15,9191.98046875,9214.3125,9088.947265625,9132.2275390625,9132.2275390625,15713967522.0,BTC-USD
2020-07-16,9131.8125,9182.25390625,9089.2021484375,9151.392578125,9151.392578125,13944570749.0,BTC-USD
2020-07-17,9151.18359375,9230.9833984375,9100.82421875,9159.0400390625,9159.0400390625,12252601474.0,BTC-USD
2020-07-18,9158.005859375,9201.3984375,9097.6328125,9185.8173828125,9185.8173828125,12939002784.0,BTC-USD
2020-07-19,9187.220703125,9214.2705078125,9137.509765625,9164.2314453125,9164.2314453125,13755604145.0,BTC-USD
2020-07-20,9162.5146484375,9407.2626953125,9149.3896484375,9374.8876953125,9374.8876953125,18069581955.0,BTC-USD
2020-07-21,9375.080078125,9530.5185546875,9319.6533203125,9525.36328125,9525.36328125,16532254884.0,BTC-USD
2020-07-22,9527.1416015625,9610.2470703125,9483.00390625,9581.072265625,9581.072265625,18146399002.0,BTC-USD
2020-07-23,9585.5146484375,9623.3369140625,9481.4541015625,9536.892578125,9536.892578125,16552768325.0,BTC-USD
2020-07-24,9539.4853515625,9704.556640625,9530.2119140625,9677.11328125,9677.11328125,16610070933.0,BTC-USD
2020-07-25,9680.234375,10023.8076171875,9652.84765625,9905.1669921875,9905.1669921875,20507998997.0,BTC-USD
2020-07-26,9905.2177734375,11298.2216796875,9903.9697265625,10990.873046875,10990.873046875,35359749590.0,BTC-USD
2020-07-27,11017.4638671875,11204.3271484375,10632.6318359375,10912.8232421875,10912.8232421875,28766551142.0,BTC-USD
2020-07-28,10912.953125,11304.3974609375,10856.1416015625,11100.4677734375,11100.4677734375,24617249715.0,BTC-USD
2020-07-29,11099.8330078125,11169.3564453125,10895.455078125,11111.2138671875,11111.2138671875,22857247901.0,BTC-USD
2020-07-30,11110.2109375,11415.8642578125,10987.0537109375,11323.466796875,11323.466796875,23160469766.0,BTC-USD
2020-07-31,11322.5703125,11794.775390625,11239.6826171875,11759.5927734375,11759.5927734375,26075670303.0,BTC-USD
2020-08-01,11758.7646484375,12034.14453125,11018.1298828125,11053.6142578125,11053.6142578125,27410067336.0,BTC-USD
2020-08-02,11043.7685546875,11453.0791015625,11012.4150390625,11246.3486328125,11246.3486328125,20271713443.0,BTC-USD
2020-08-03,,,,,,,BTC-USD
2020-08-04,11203.8232421875,11786.6171875,11158.28515625,11747.0224609375,11747.0224609375,24411254471.0,BTC-USD
2020-08-05,11749.87109375,11902.3359375,11598.7138671875,11779.7734375,11779.7734375,23400740340.0,BTC-USD
2020-08-06,11778.89453125,11898.0380859375,11408.59375,11601.47265625,11601.47265625,23132312867.0,BTC-USD
2020-08-07,11604.5537109375,11800.064453125,11558.431640625,11754.0458984375,11754.0458984375,17572057837.0,BTC-USD
2020-08-08,11737.3251953125,11806.056640625,11548.7841796875,11675.7392578125,11675.7392578125,17489608833.0,BTC-USD
2020-08-09,11662.2568359375,12045.140625,11662.2568359375,11878.111328125,11878.111328125,26114112569.0,BTC-USD
2020-08-10,11881.6474609375,11932.7109375,11195.708984375,11410.525390625,11410.525390625,27039782640.0,BTC-USD
2020-08-11,11404.5966796875,11748.396484375,11249.60546875,11584.9345703125,11584.9345703125,25064548486.0,BTC-USD
2020-08-12,11588.4052734375,11796.396484375,11216.8720703125,11784.1376953125,11784.1376953125,27522199497.0,BTC-USD
2020-08-13,11772.6591796875,12150.994140625,11685.455078125,11768.87109375,11768.87109375,24237958589.0,BTC-USD
2020-08-14,11768.697265625,11963.203125,11768.697265625,11865.6982421875,11865.6982421875,23354924400.0,BTC-USD
2020-08-15,11866.685546875,11934.9013671875,11737.1884765625,11892.8037109375,11892.8037109375,20583375490.0,BTC-USD
2020-08-16,11895.658203125,12359.056640625,11806.6962890625,12254.40234375,12254.40234375,28227687027.0,BTC-USD
2020-08-17,12251.8955078125,12335.70703125,11954.525390625,11991.2333984375,11991.2333984375,26043227672.0,BTC-USD
2020-08-18,11990.884765625,12028.923828125,11687.3330078125,11758.283203125,11758.283203125,24502851117.0,BTC-USD
2020-08-19,11761.5,11900.4111328125,11710.0634765625,11878.3720703125,11878.3720703125,20175242945.0,BTC-USD
2020-08-20,11878.0263671875,11899.259765625,11564.9794921875,11592.4892578125,11592.4892578125,23762425999.0,BTC-USD
2020-08-21,11585.4775390625,11689.4072265625,11448.8056640625,11681.8251953125,11681.8251953125,20224191306.0,BTC-USD
2020-08-22,11679.6962890625,11713.4296875,11559.9208984375,11664.84765625,11664.84765625,18482062658.0,BTC-USD
2020-08-23,11663.689453125,11807.6318359375,11623.25,11774.595703125,11774.595703125,20681511755.0,BTC-USD
2020-08-24,11773.5888671875,11778.2998046875,11189.8505859375,11366.134765625,11366.134765625,26301509932.0,BTC-USD
2020-08-25,11366.89453125,11530.052734375,11296.9931640625,11488.36328125,11488.36328125,22466660958.0,BTC-USD
2020-08-26,11485.6083984375,11570.7861328125,11185.94140625,11323.3974609375,11323.3974609375,23240415076.0,BTC-USD
2020-08-27,11325.2958984375,11545.615234375,11316.4228515625,11542.5,11542.5,19807127588.0,BTC-USD
2020-08-29,11545.0771484375,11577.6376953125,11469.7548828125,11520.095703125,11520.095703125,18704470016.0,BTC-USD
